CREATE TABLE IF NOT EXISTS symfony_demo_user (id INTEGER PRIMARY KEY AUTO_INCREMENT NOT NULL, full_name VARCHAR(255) NOT NULL, username VARCHAR(255) NOT NULL, email VARCHAR(255) NOT NULL, password VARCHAR(255) NOT NULL, roles TEXT NOT NULL
);
INSERT INTO symfony_demo_user VALUES(5,'Jane Doe','jane_admin','jane_admin@symfony.com','$2y$13$ft9plGRN2ym0zDsSjxXpB.fbFQfv67BdPXrRkKaJKrQEFhK5g4lp6','["ROLE_ADMIN"]');
INSERT INTO symfony_demo_user VALUES(6,'Tom Doe','tom_admin','tom_admin@symfony.com','$2y$13$VGet6vvLnj70u8QECr.zHus7qKqf/JKXyokvhggsVEclVi6JNFcxi','["ROLE_ADMIN"]');
INSERT INTO symfony_demo_user VALUES(7,'John Doe','john_user','john_user@symfony.com','$2y$13$LDT/cCs57B.NpWcKsT7uK.FGmWwRNZVkkWeekVZwgNWwnvGJAHlO.','["ROLE_USER"]');
INSERT INTO symfony_demo_user VALUES(8,'deusi','deusi','deusi@gm.com','$2y$13$tSQH.p7gOlq/aSlvcXhSduo/sDB.z5gJNqo/U6NE8XL7Bv1Qnyrja','["ROLE_USER"]');
CREATE TABLE IF NOT EXISTS symfony_demo_tag (id INTEGER PRIMARY KEY AUTO_INCREMENT NOT NULL, name VARCHAR(255) NOT NULL);
INSERT INTO symfony_demo_tag VALUES(10,'lorem');
INSERT INTO symfony_demo_tag VALUES(11,'ipsum');
INSERT INTO symfony_demo_tag VALUES(12,'consectetur');
INSERT INTO symfony_demo_tag VALUES(13,'adipiscing');
INSERT INTO symfony_demo_tag VALUES(14,'incididunt');
INSERT INTO symfony_demo_tag VALUES(15,'labore');
INSERT INTO symfony_demo_tag VALUES(16,'voluptate');
INSERT INTO symfony_demo_tag VALUES(17,'dolore');
INSERT INTO symfony_demo_tag VALUES(18,'pariatur');


CREATE TABLE IF NOT EXISTS symfony_demo_post ( id INT PRIMARY KEY AUTO_INCREMENT NOT NULL, author_id INT NOT NULL, title VARCHAR(255) NOT NULL, slug VARCHAR(255) NOT NULL, summary VARCHAR(255) NOT NULL, content TEXT NOT NULL, published_at DATETIME NOT NULL, CONSTRAINT FK_58A92E65F675F31B FOREIGN KEY (author_id) REFERENCES symfony_demo_user (id) ON UPDATE RESTRICT ON DELETE RESTRICT );
INSERT INTO symfony_demo_post VALUES(31,5,'Ipso Facto Lorem ipsum dolor sit amet consectetur adipiscing elit','lorem-ipsum-dolor-sit-amet-consectetur-adipiscing-elit','Sunt seculaes transferre talis camerarius fluctuies. Nulla porta lobortis ligula vel egestas. Ut suscipit posuere justo at vulputate. Mauris dapibus risus quis suscipit vulputate. Nunc viverra elit ac laoreet suscipit.',replace(replace('Lorem ipsum dolor sit amet consectetur adipisicing elit, sed do eiusmod tempor\r\nincididunt ut labore et **dolore magna aliqua**: Duis aute irure dolor in\r\nreprehenderit in voluptate velit esse cillum dolore eu fugiat nulla pariatur.\r\nExcepteur sint occaecat cupidatat non proident, sunt in culpa qui officia\r\ndeserunt mollit anim id est laborum.\r\n\r\n  * Ut enim ad minim veniam\r\n  * Quis nostrud exercitation *ullamco laboris*\r\n  * Nisi ut aliquip ex ea commodo consequat\r\n\r\nPraesent id fermentum lorem. Ut est lorem, fringilla at accumsan nec, euismod at\r\nnunc. Aenean mattis sollicitudin mattis. Nullam pulvinar vestibulum bibendum.\r\nClass aptent taciti sociosqu ad litora torquent per conubia nostra, per inceptos\r\nhimenaeos. Fusce nulla purus, gravida ac interdum ut, blandit eget ex. Duis a\r\nluctus dolor.\r\n\r\nInteger auctor massa maximus nulla scelerisque accumsan. *Aliquam ac malesuada*\r\nex. Pellentesque tortor magna, vulputate eu vulputate ut, venenatis ac lectus.\r\nPraesent ut lacinia sem. Mauris a lectus eget felis mollis feugiat. Quisque\r\nefficitur, mi ut semper pulvinar, urna urna blandit massa, eget tincidunt augue\r\nnulla vitae est.\r\n\r\nUt posuere aliquet tincidunt. Aliquam erat volutpat. **Class aptent taciti**\r\nsociosqu ad litora torquent per conubia nostra, per inceptos himenaeos. Morbi\r\narcu orci, gravida eget aliquam eu, suscipit et ante. Morbi vulputate metus vel\r\nipsum finibus, ut dapibus massa feugiat. Vestibulum vel lobortis libero. Sed\r\ntincidunt tellus et viverra scelerisque. Pellentesque tincidunt cursus felis.\r\nSed in egestas erat.\r\n\r\nAliquam pulvinar interdum massa, vel ullamcorper ante consectetur eu. Vestibulum\r\nlacinia ac enim vel placerat. Integer pulvinar magna nec dui malesuada, nec\r\ncongue nisl dictum. Donec mollis nisl tortor, at congue erat consequat a. Nam\r\ntempus elit porta, blandit elit vel, viverra lorem. Sed sit amet tellus\r\ntincidunt, faucibus nisl in, aliquet libero.','\r',char(13)),'\n',char(10)),'2025-02-24 09:27:00');
INSERT INTO symfony_demo_post VALUES(32,5,'Pellentesque vitae velit ex','pellentesque-vitae-velit-ex','Pellentesque vitae velit ex. Lorem ipsum dolor sit amet consectetur adipiscing elit. Sunt torquises imitari velox mirabilis medicinaes. Mineralis persuadere omnes finises desiderium. Ubi est barbatus nix. Sunt accentores vitare salvus flavum parses.',replace(replace('Lorem ipsum dolor sit amet consectetur adipisicing elit, sed do eiusmod tempor\r\nincididunt ut labore et **dolore magna aliqua**: Duis aute irure dolor in\r\nreprehenderit in voluptate velit esse cillum dolore eu fugiat nulla pariatur.\r\nExcepteur sint occaecat cupidatat non proident, sunt in culpa qui officia\r\ndeserunt mollit anim id est laborum.\r\n\r\n  * Ut enim ad minim veniam\r\n  * Quis nostrud exercitation *ullamco laboris*\r\n  * Nisi ut aliquip ex ea commodo consequat\r\n\r\nPraesent id fermentum lorem. Ut est lorem, fringilla at accumsan nec, euismod at\r\nnunc. Aenean mattis sollicitudin mattis. Nullam pulvinar vestibulum bibendum.\r\nClass aptent taciti sociosqu ad litora torquent per conubia nostra, per inceptos\r\nhimenaeos. Fusce nulla purus, gravida ac interdum ut, blandit eget ex. Duis a\r\nluctus dolor.\r\n\r\nInteger auctor massa maximus nulla scelerisque accumsan. *Aliquam ac malesuada*\r\nex. Pellentesque tortor magna, vulputate eu vulputate ut, venenatis ac lectus.\r\nPraesent ut lacinia sem. Mauris a lectus eget felis mollis feugiat. Quisque\r\nefficitur, mi ut semper pulvinar, urna urna blandit massa, eget tincidunt augue\r\nnulla vitae est.\r\n\r\nUt posuere aliquet tincidunt. Aliquam erat volutpat. **Class aptent taciti**\r\nsociosqu ad litora torquent per conubia nostra, per inceptos himenaeos. Morbi\r\narcu orci, gravida eget aliquam eu, suscipit et ante. Morbi vulputate metus vel\r\nipsum finibus, ut dapibus massa feugiat. Vestibulum vel lobortis libero. Sed\r\ntincidunt tellus et viverra scelerisque. Pellentesque tincidunt cursus felis.\r\nSed in egestas erat.\r\n\r\nAliquam pulvinar interdum massa, vel ullamcorper ante consectetur eu. Vestibulum\r\nlacinia ac enim vel placerat. Integer pulvinar magna nec dui malesuada, nec\r\ncongue nisl dictum. Donec mollis nisl tortor, at congue erat consequat a. Nam\r\ntempus elit porta, blandit elit vel, viverra lorem. Sed sit amet tellus\r\ntincidunt, faucibus nisl in, aliquet libero.','\r',char(13)),'\n',char(10)),'2025-02-23 12:19:15');
INSERT INTO symfony_demo_post VALUES(33,6,'Mauris dapibus risus quis suscipit vulputate','mauris-dapibus-risus-quis-suscipit-vulputate','Era brevis ratione est. Nulla porta lobortis ligula vel egestas. Eros diam egestas libero eu vulputate risus. Pellentesque vitae velit ex. Ut eleifend mauris et risus ultrices egestas. Pellentesque et sapien pulvinar consectetur.',replace(replace('Lorem ipsum dolor sit amet consectetur adipisicing elit, sed do eiusmod tempor\r\nincididunt ut labore et **dolore magna aliqua**: Duis aute irure dolor in\r\nreprehenderit in voluptate velit esse cillum dolore eu fugiat nulla pariatur.\r\nExcepteur sint occaecat cupidatat non proident, sunt in culpa qui officia\r\ndeserunt mollit anim id est laborum.\r\n\r\n  * Ut enim ad minim veniam\r\n  * Quis nostrud exercitation *ullamco laboris*\r\n  * Nisi ut aliquip ex ea commodo consequat\r\n\r\nPraesent id fermentum lorem. Ut est lorem, fringilla at accumsan nec, euismod at\r\nnunc. Aenean mattis sollicitudin mattis. Nullam pulvinar vestibulum bibendum.\r\nClass aptent taciti sociosqu ad litora torquent per conubia nostra, per inceptos\r\nhimenaeos. Fusce nulla purus, gravida ac interdum ut, blandit eget ex. Duis a\r\nluctus dolor.\r\n\r\nInteger auctor massa maximus nulla scelerisque accumsan. *Aliquam ac malesuada*\r\nex. Pellentesque tortor magna, vulputate eu vulputate ut, venenatis ac lectus.\r\nPraesent ut lacinia sem. Mauris a lectus eget felis mollis feugiat. Quisque\r\nefficitur, mi ut semper pulvinar, urna urna blandit massa, eget tincidunt augue\r\nnulla vitae est.\r\n\r\nUt posuere aliquet tincidunt. Aliquam erat volutpat. **Class aptent taciti**\r\nsociosqu ad litora torquent per conubia nostra, per inceptos himenaeos. Morbi\r\narcu orci, gravida eget aliquam eu, suscipit et ante. Morbi vulputate metus vel\r\nipsum finibus, ut dapibus massa feugiat. Vestibulum vel lobortis libero. Sed\r\ntincidunt tellus et viverra scelerisque. Pellentesque tincidunt cursus felis.\r\nSed in egestas erat.\r\n\r\nAliquam pulvinar interdum massa, vel ullamcorper ante consectetur eu. Vestibulum\r\nlacinia ac enim vel placerat. Integer pulvinar magna nec dui malesuada, nec\r\ncongue nisl dictum. Donec mollis nisl tortor, at congue erat consequat a. Nam\r\ntempus elit porta, blandit elit vel, viverra lorem. Sed sit amet tellus\r\ntincidunt, faucibus nisl in, aliquet libero.','\r',char(13)),'\n',char(10)),'2025-02-22 17:26:45');
INSERT INTO symfony_demo_post VALUES(34,6,'Eros diam egestas libero eu vulputate risus','eros-diam-egestas-libero-eu-vulputate-risus','Nulla porta lobortis ligula vel egestas. Mauris dapibus risus quis suscipit vulputate. Potus sensim ad ferox abnoba. Sunt torquises imitari velox mirabilis medicinaes. Mineralis persuadere omnes finises desiderium. Abnobas sunt hilotaes de placidus vita.',replace(replace('Lorem ipsum dolor sit amet consectetur adipisicing elit, sed do eiusmod tempor\r\nincididunt ut labore et **dolore magna aliqua**: Duis aute irure dolor in\r\nreprehenderit in voluptate velit esse cillum dolore eu fugiat nulla pariatur.\r\nExcepteur sint occaecat cupidatat non proident, sunt in culpa qui officia\r\ndeserunt mollit anim id est laborum.\r\n\r\n  * Ut enim ad minim veniam\r\n  * Quis nostrud exercitation *ullamco laboris*\r\n  * Nisi ut aliquip ex ea commodo consequat\r\n\r\nPraesent id fermentum lorem. Ut est lorem, fringilla at accumsan nec, euismod at\r\nnunc. Aenean mattis sollicitudin mattis. Nullam pulvinar vestibulum bibendum.\r\nClass aptent taciti sociosqu ad litora torquent per conubia nostra, per inceptos\r\nhimenaeos. Fusce nulla purus, gravida ac interdum ut, blandit eget ex. Duis a\r\nluctus dolor.\r\n\r\nInteger auctor massa maximus nulla scelerisque accumsan. *Aliquam ac malesuada*\r\nex. Pellentesque tortor magna, vulputate eu vulputate ut, venenatis ac lectus.\r\nPraesent ut lacinia sem. Mauris a lectus eget felis mollis feugiat. Quisque\r\nefficitur, mi ut semper pulvinar, urna urna blandit massa, eget tincidunt augue\r\nnulla vitae est.\r\n\r\nUt posuere aliquet tincidunt. Aliquam erat volutpat. **Class aptent taciti**\r\nsociosqu ad litora torquent per conubia nostra, per inceptos himenaeos. Morbi\r\narcu orci, gravida eget aliquam eu, suscipit et ante. Morbi vulputate metus vel\r\nipsum finibus, ut dapibus massa feugiat. Vestibulum vel lobortis libero. Sed\r\ntincidunt tellus et viverra scelerisque. Pellentesque tincidunt cursus felis.\r\nSed in egestas erat.\r\n\r\nAliquam pulvinar interdum massa, vel ullamcorper ante consectetur eu. Vestibulum\r\nlacinia ac enim vel placerat. Integer pulvinar magna nec dui malesuada, nec\r\ncongue nisl dictum. Donec mollis nisl tortor, at congue erat consequat a. Nam\r\ntempus elit porta, blandit elit vel, viverra lorem. Sed sit amet tellus\r\ntincidunt, faucibus nisl in, aliquet libero.','\r',char(13)),'\n',char(10)),'2025-02-21 16:22:55');
INSERT INTO symfony_demo_post VALUES(35,6,'In hac habitasse platea dictumst','in-hac-habitasse-platea-dictumst','Abnobas sunt hilotaes de placidus vita. Pellentesque vitae velit ex. Potus sensim ad ferox abnoba. Morbi tempus commodo mattis. In hac habitasse platea dictumst. Ut suscipit posuere justo at vulputate. Sunt seculaes transferre talis camerarius fluctuies.',replace(replace('Lorem ipsum dolor sit amet consectetur adipisicing elit, sed do eiusmod tempor\r\nincididunt ut labore et **dolore magna aliqua**: Duis aute irure dolor in\r\nreprehenderit in voluptate velit esse cillum dolore eu fugiat nulla pariatur.\r\nExcepteur sint occaecat cupidatat non proident, sunt in culpa qui officia\r\ndeserunt mollit anim id est laborum.\r\n\r\n  * Ut enim ad minim veniam\r\n  * Quis nostrud exercitation *ullamco laboris*\r\n  * Nisi ut aliquip ex ea commodo consequat\r\n\r\nPraesent id fermentum lorem. Ut est lorem, fringilla at accumsan nec, euismod at\r\nnunc. Aenean mattis sollicitudin mattis. Nullam pulvinar vestibulum bibendum.\r\nClass aptent taciti sociosqu ad litora torquent per conubia nostra, per inceptos\r\nhimenaeos. Fusce nulla purus, gravida ac interdum ut, blandit eget ex. Duis a\r\nluctus dolor.\r\n\r\nInteger auctor massa maximus nulla scelerisque accumsan. *Aliquam ac malesuada*\r\nex. Pellentesque tortor magna, vulputate eu vulputate ut, venenatis ac lectus.\r\nPraesent ut lacinia sem. Mauris a lectus eget felis mollis feugiat. Quisque\r\nefficitur, mi ut semper pulvinar, urna urna blandit massa, eget tincidunt augue\r\nnulla vitae est.\r\n\r\nUt posuere aliquet tincidunt. Aliquam erat volutpat. **Class aptent taciti**\r\nsociosqu ad litora torquent per conubia nostra, per inceptos himenaeos. Morbi\r\narcu orci, gravida eget aliquam eu, suscipit et ante. Morbi vulputate metus vel\r\nipsum finibus, ut dapibus massa feugiat. Vestibulum vel lobortis libero. Sed\r\ntincidunt tellus et viverra scelerisque. Pellentesque tincidunt cursus felis.\r\nSed in egestas erat.\r\n\r\nAliquam pulvinar interdum massa, vel ullamcorper ante consectetur eu. Vestibulum\r\nlacinia ac enim vel placerat. Integer pulvinar magna nec dui malesuada, nec\r\ncongue nisl dictum. Donec mollis nisl tortor, at congue erat consequat a. Nam\r\ntempus elit porta, blandit elit vel, viverra lorem. Sed sit amet tellus\r\ntincidunt, faucibus nisl in, aliquet libero.','\r',char(13)),'\n',char(10)),'2025-02-20 09:11:30');
INSERT INTO symfony_demo_post VALUES(36,6,'Morbi tempus commodo mattis','morbi-tempus-commodo-mattis','Ut suscipit posuere justo at vulputate. Sunt torquises imitari velox mirabilis medicinaes. Aliquam sodales odio id eleifend tristique. Eros diam egestas libero eu vulputate risus. Sed varius a risus eget aliquam. Abnobas sunt hilotaes de placidus vita.',replace(replace('Lorem ipsum dolor sit amet consectetur adipisicing elit, sed do eiusmod tempor\r\nincididunt ut labore et **dolore magna aliqua**: Duis aute irure dolor in\r\nreprehenderit in voluptate velit esse cillum dolore eu fugiat nulla pariatur.\r\nExcepteur sint occaecat cupidatat non proident, sunt in culpa qui officia\r\ndeserunt mollit anim id est laborum.\r\n\r\n  * Ut enim ad minim veniam\r\n  * Quis nostrud exercitation *ullamco laboris*\r\n  * Nisi ut aliquip ex ea commodo consequat\r\n\r\nPraesent id fermentum lorem. Ut est lorem, fringilla at accumsan nec, euismod at\r\nnunc. Aenean mattis sollicitudin mattis. Nullam pulvinar vestibulum bibendum.\r\nClass aptent taciti sociosqu ad litora torquent per conubia nostra, per inceptos\r\nhimenaeos. Fusce nulla purus, gravida ac interdum ut, blandit eget ex. Duis a\r\nluctus dolor.\r\n\r\nInteger auctor massa maximus nulla scelerisque accumsan. *Aliquam ac malesuada*\r\nex. Pellentesque tortor magna, vulputate eu vulputate ut, venenatis ac lectus.\r\nPraesent ut lacinia sem. Mauris a lectus eget felis mollis feugiat. Quisque\r\nefficitur, mi ut semper pulvinar, urna urna blandit massa, eget tincidunt augue\r\nnulla vitae est.\r\n\r\nUt posuere aliquet tincidunt. Aliquam erat volutpat. **Class aptent taciti**\r\nsociosqu ad litora torquent per conubia nostra, per inceptos himenaeos. Morbi\r\narcu orci, gravida eget aliquam eu, suscipit et ante. Morbi vulputate metus vel\r\nipsum finibus, ut dapibus massa feugiat. Vestibulum vel lobortis libero. Sed\r\ntincidunt tellus et viverra scelerisque. Pellentesque tincidunt cursus felis.\r\nSed in egestas erat.\r\n\r\nAliquam pulvinar interdum massa, vel ullamcorper ante consectetur eu. Vestibulum\r\nlacinia ac enim vel placerat. Integer pulvinar magna nec dui malesuada, nec\r\ncongue nisl dictum. Donec mollis nisl tortor, at congue erat consequat a. Nam\r\ntempus elit porta, blandit elit vel, viverra lorem. Sed sit amet tellus\r\ntincidunt, faucibus nisl in, aliquet libero.','\r',char(13)),'\n',char(10)),'2025-02-19 09:41:01');
INSERT INTO symfony_demo_post VALUES(37,5,'Ut suscipit posuere justo at vulputate','ut-suscipit-posuere-justo-at-vulputate','Silva de secundus galatae demitto quadra. Sunt torquises imitari velox mirabilis medicinaes. Lorem ipsum dolor sit amet consectetur adipiscing elit. Ubi est audax amicitia. Vae humani generis. Mauris dapibus risus quis suscipit vulputate.',replace(replace('Lorem ipsum dolor sit amet consectetur adipisicing elit, sed do eiusmod tempor\r\nincididunt ut labore et **dolore magna aliqua**: Duis aute irure dolor in\r\nreprehenderit in voluptate velit esse cillum dolore eu fugiat nulla pariatur.\r\nExcepteur sint occaecat cupidatat non proident, sunt in culpa qui officia\r\ndeserunt mollit anim id est laborum.\r\n\r\n  * Ut enim ad minim veniam\r\n  * Quis nostrud exercitation *ullamco laboris*\r\n  * Nisi ut aliquip ex ea commodo consequat\r\n\r\nPraesent id fermentum lorem. Ut est lorem, fringilla at accumsan nec, euismod at\r\nnunc. Aenean mattis sollicitudin mattis. Nullam pulvinar vestibulum bibendum.\r\nClass aptent taciti sociosqu ad litora torquent per conubia nostra, per inceptos\r\nhimenaeos. Fusce nulla purus, gravida ac interdum ut, blandit eget ex. Duis a\r\nluctus dolor.\r\n\r\nInteger auctor massa maximus nulla scelerisque accumsan. *Aliquam ac malesuada*\r\nex. Pellentesque tortor magna, vulputate eu vulputate ut, venenatis ac lectus.\r\nPraesent ut lacinia sem. Mauris a lectus eget felis mollis feugiat. Quisque\r\nefficitur, mi ut semper pulvinar, urna urna blandit massa, eget tincidunt augue\r\nnulla vitae est.\r\n\r\nUt posuere aliquet tincidunt. Aliquam erat volutpat. **Class aptent taciti**\r\nsociosqu ad litora torquent per conubia nostra, per inceptos himenaeos. Morbi\r\narcu orci, gravida eget aliquam eu, suscipit et ante. Morbi vulputate metus vel\r\nipsum finibus, ut dapibus massa feugiat. Vestibulum vel lobortis libero. Sed\r\ntincidunt tellus et viverra scelerisque. Pellentesque tincidunt cursus felis.\r\nSed in egestas erat.\r\n\r\nAliquam pulvinar interdum massa, vel ullamcorper ante consectetur eu. Vestibulum\r\nlacinia ac enim vel placerat. Integer pulvinar magna nec dui malesuada, nec\r\ncongue nisl dictum. Donec mollis nisl tortor, at congue erat consequat a. Nam\r\ntempus elit porta, blandit elit vel, viverra lorem. Sed sit amet tellus\r\ntincidunt, faucibus nisl in, aliquet libero.','\r',char(13)),'\n',char(10)),'2025-02-18 14:18:28');
INSERT INTO symfony_demo_post VALUES(38,5,'Ut eleifend mauris et risus ultrices egestas','ut-eleifend-mauris-et-risus-ultrices-egestas','Nulla porta lobortis ligula vel egestas. Mineralis persuadere omnes finises desiderium. Silva de secundus galatae demitto quadra. Nunc viverra elit ac laoreet suscipit. Eros diam egestas libero eu vulputate risus.',replace(replace('Lorem ipsum dolor sit amet consectetur adipisicing elit, sed do eiusmod tempor\r\nincididunt ut labore et **dolore magna aliqua**: Duis aute irure dolor in\r\nreprehenderit in voluptate velit esse cillum dolore eu fugiat nulla pariatur.\r\nExcepteur sint occaecat cupidatat non proident, sunt in culpa qui officia\r\ndeserunt mollit anim id est laborum.\r\n\r\n  * Ut enim ad minim veniam\r\n  * Quis nostrud exercitation *ullamco laboris*\r\n  * Nisi ut aliquip ex ea commodo consequat\r\n\r\nPraesent id fermentum lorem. Ut est lorem, fringilla at accumsan nec, euismod at\r\nnunc. Aenean mattis sollicitudin mattis. Nullam pulvinar vestibulum bibendum.\r\nClass aptent taciti sociosqu ad litora torquent per conubia nostra, per inceptos\r\nhimenaeos. Fusce nulla purus, gravida ac interdum ut, blandit eget ex. Duis a\r\nluctus dolor.\r\n\r\nInteger auctor massa maximus nulla scelerisque accumsan. *Aliquam ac malesuada*\r\nex. Pellentesque tortor magna, vulputate eu vulputate ut, venenatis ac lectus.\r\nPraesent ut lacinia sem. Mauris a lectus eget felis mollis feugiat. Quisque\r\nefficitur, mi ut semper pulvinar, urna urna blandit massa, eget tincidunt augue\r\nnulla vitae est.\r\n\r\nUt posuere aliquet tincidunt. Aliquam erat volutpat. **Class aptent taciti**\r\nsociosqu ad litora torquent per conubia nostra, per inceptos himenaeos. Morbi\r\narcu orci, gravida eget aliquam eu, suscipit et ante. Morbi vulputate metus vel\r\nipsum finibus, ut dapibus massa feugiat. Vestibulum vel lobortis libero. Sed\r\ntincidunt tellus et viverra scelerisque. Pellentesque tincidunt cursus felis.\r\nSed in egestas erat.\r\n\r\nAliquam pulvinar interdum massa, vel ullamcorper ante consectetur eu. Vestibulum\r\nlacinia ac enim vel placerat. Integer pulvinar magna nec dui malesuada, nec\r\ncongue nisl dictum. Donec mollis nisl tortor, at congue erat consequat a. Nam\r\ntempus elit porta, blandit elit vel, viverra lorem. Sed sit amet tellus\r\ntincidunt, faucibus nisl in, aliquet libero.','\r',char(13)),'\n',char(10)),'2025-02-17 11:07:46');
INSERT INTO symfony_demo_post VALUES(39,5,'Aliquam sodales odio id eleifend tristique','aliquam-sodales-odio-id-eleifend-tristique','Nulla porta lobortis ligula vel egestas. Ut suscipit posuere justo at vulputate. Sunt seculaes transferre talis camerarius fluctuies. Eros diam egestas libero eu vulputate risus. Ubi est barbatus nix. Era brevis ratione est. Vae humani generis.',replace(replace('Lorem ipsum dolor sit amet consectetur adipisicing elit, sed do eiusmod tempor\r\nincididunt ut labore et **dolore magna aliqua**: Duis aute irure dolor in\r\nreprehenderit in voluptate velit esse cillum dolore eu fugiat nulla pariatur.\r\nExcepteur sint occaecat cupidatat non proident, sunt in culpa qui officia\r\ndeserunt mollit anim id est laborum.\r\n\r\n  * Ut enim ad minim veniam\r\n  * Quis nostrud exercitation *ullamco laboris*\r\n  * Nisi ut aliquip ex ea commodo consequat\r\n\r\nPraesent id fermentum lorem. Ut est lorem, fringilla at accumsan nec, euismod at\r\nnunc. Aenean mattis sollicitudin mattis. Nullam pulvinar vestibulum bibendum.\r\nClass aptent taciti sociosqu ad litora torquent per conubia nostra, per inceptos\r\nhimenaeos. Fusce nulla purus, gravida ac interdum ut, blandit eget ex. Duis a\r\nluctus dolor.\r\n\r\nInteger auctor massa maximus nulla scelerisque accumsan. *Aliquam ac malesuada*\r\nex. Pellentesque tortor magna, vulputate eu vulputate ut, venenatis ac lectus.\r\nPraesent ut lacinia sem. Mauris a lectus eget felis mollis feugiat. Quisque\r\nefficitur, mi ut semper pulvinar, urna urna blandit massa, eget tincidunt augue\r\nnulla vitae est.\r\n\r\nUt posuere aliquet tincidunt. Aliquam erat volutpat. **Class aptent taciti**\r\nsociosqu ad litora torquent per conubia nostra, per inceptos himenaeos. Morbi\r\narcu orci, gravida eget aliquam eu, suscipit et ante. Morbi vulputate metus vel\r\nipsum finibus, ut dapibus massa feugiat. Vestibulum vel lobortis libero. Sed\r\ntincidunt tellus et viverra scelerisque. Pellentesque tincidunt cursus felis.\r\nSed in egestas erat.\r\n\r\nAliquam pulvinar interdum massa, vel ullamcorper ante consectetur eu. Vestibulum\r\nlacinia ac enim vel placerat. Integer pulvinar magna nec dui malesuada, nec\r\ncongue nisl dictum. Donec mollis nisl tortor, at congue erat consequat a. Nam\r\ntempus elit porta, blandit elit vel, viverra lorem. Sed sit amet tellus\r\ntincidunt, faucibus nisl in, aliquet libero.','\r',char(13)),'\n',char(10)),'2025-02-16 10:16:35');
INSERT INTO symfony_demo_post VALUES(40,5,'Urna nisl sollicitudin id varius orci quam id turpis','urna-nisl-sollicitudin-id-varius-orci-quam-id-turpis','Bassus fatalis classiss virtualiter transferre de flavum. Era brevis ratione est. Ubi est audax amicitia. Urna nisl sollicitudin id varius orci quam id turpis. Sed varius a risus eget aliquam. Pellentesque vitae velit ex.',replace(replace('Lorem ipsum dolor sit amet consectetur adipisicing elit, sed do eiusmod tempor\r\nincididunt ut labore et **dolore magna aliqua**: Duis aute irure dolor in\r\nreprehenderit in voluptate velit esse cillum dolore eu fugiat nulla pariatur.\r\nExcepteur sint occaecat cupidatat non proident, sunt in culpa qui officia\r\ndeserunt mollit anim id est laborum.\r\n\r\n  * Ut enim ad minim veniam\r\n  * Quis nostrud exercitation *ullamco laboris*\r\n  * Nisi ut aliquip ex ea commodo consequat\r\n\r\nPraesent id fermentum lorem. Ut est lorem, fringilla at accumsan nec, euismod at\r\nnunc. Aenean mattis sollicitudin mattis. Nullam pulvinar vestibulum bibendum.\r\nClass aptent taciti sociosqu ad litora torquent per conubia nostra, per inceptos\r\nhimenaeos. Fusce nulla purus, gravida ac interdum ut, blandit eget ex. Duis a\r\nluctus dolor.\r\n\r\nInteger auctor massa maximus nulla scelerisque accumsan. *Aliquam ac malesuada*\r\nex. Pellentesque tortor magna, vulputate eu vulputate ut, venenatis ac lectus.\r\nPraesent ut lacinia sem. Mauris a lectus eget felis mollis feugiat. Quisque\r\nefficitur, mi ut semper pulvinar, urna urna blandit massa, eget tincidunt augue\r\nnulla vitae est.\r\n\r\nUt posuere aliquet tincidunt. Aliquam erat volutpat. **Class aptent taciti**\r\nsociosqu ad litora torquent per conubia nostra, per inceptos himenaeos. Morbi\r\narcu orci, gravida eget aliquam eu, suscipit et ante. Morbi vulputate metus vel\r\nipsum finibus, ut dapibus massa feugiat. Vestibulum vel lobortis libero. Sed\r\ntincidunt tellus et viverra scelerisque. Pellentesque tincidunt cursus felis.\r\nSed in egestas erat.\r\n\r\nAliquam pulvinar interdum massa, vel ullamcorper ante consectetur eu. Vestibulum\r\nlacinia ac enim vel placerat. Integer pulvinar magna nec dui malesuada, nec\r\ncongue nisl dictum. Donec mollis nisl tortor, at congue erat consequat a. Nam\r\ntempus elit porta, blandit elit vel, viverra lorem. Sed sit amet tellus\r\ntincidunt, faucibus nisl in, aliquet libero.','\r',char(13)),'\n',char(10)),'2025-02-15 13:47:37');
INSERT INTO symfony_demo_post VALUES(41,6,'Nulla porta lobortis ligula vel egestas','nulla-porta-lobortis-ligula-vel-egestas','Era brevis ratione est. Sunt seculaes transferre talis camerarius fluctuies. Abnobas sunt hilotaes de placidus vita. Sunt accentores vitare salvus flavum parses. Morbi tempus commodo mattis. Mauris dapibus risus quis suscipit vulputate.',replace(replace('Lorem ipsum dolor sit amet consectetur adipisicing elit, sed do eiusmod tempor\r\nincididunt ut labore et **dolore magna aliqua**: Duis aute irure dolor in\r\nreprehenderit in voluptate velit esse cillum dolore eu fugiat nulla pariatur.\r\nExcepteur sint occaecat cupidatat non proident, sunt in culpa qui officia\r\ndeserunt mollit anim id est laborum.\r\n\r\n  * Ut enim ad minim veniam\r\n  * Quis nostrud exercitation *ullamco laboris*\r\n  * Nisi ut aliquip ex ea commodo consequat\r\n\r\nPraesent id fermentum lorem. Ut est lorem, fringilla at accumsan nec, euismod at\r\nnunc. Aenean mattis sollicitudin mattis. Nullam pulvinar vestibulum bibendum.\r\nClass aptent taciti sociosqu ad litora torquent per conubia nostra, per inceptos\r\nhimenaeos. Fusce nulla purus, gravida ac interdum ut, blandit eget ex. Duis a\r\nluctus dolor.\r\n\r\nInteger auctor massa maximus nulla scelerisque accumsan. *Aliquam ac malesuada*\r\nex. Pellentesque tortor magna, vulputate eu vulputate ut, venenatis ac lectus.\r\nPraesent ut lacinia sem. Mauris a lectus eget felis mollis feugiat. Quisque\r\nefficitur, mi ut semper pulvinar, urna urna blandit massa, eget tincidunt augue\r\nnulla vitae est.\r\n\r\nUt posuere aliquet tincidunt. Aliquam erat volutpat. **Class aptent taciti**\r\nsociosqu ad litora torquent per conubia nostra, per inceptos himenaeos. Morbi\r\narcu orci, gravida eget aliquam eu, suscipit et ante. Morbi vulputate metus vel\r\nipsum finibus, ut dapibus massa feugiat. Vestibulum vel lobortis libero. Sed\r\ntincidunt tellus et viverra scelerisque. Pellentesque tincidunt cursus felis.\r\nSed in egestas erat.\r\n\r\nAliquam pulvinar interdum massa, vel ullamcorper ante consectetur eu. Vestibulum\r\nlacinia ac enim vel placerat. Integer pulvinar magna nec dui malesuada, nec\r\ncongue nisl dictum. Donec mollis nisl tortor, at congue erat consequat a. Nam\r\ntempus elit porta, blandit elit vel, viverra lorem. Sed sit amet tellus\r\ntincidunt, faucibus nisl in, aliquet libero.','\r',char(13)),'\n',char(10)),'2025-02-14 09:46:38');
INSERT INTO symfony_demo_post VALUES(42,5,'Curabitur aliquam euismod dolor non ornare','curabitur-aliquam-euismod-dolor-non-ornare','Nulla porta lobortis ligula vel egestas. Ubi est barbatus nix. Morbi tempus commodo mattis. Ut suscipit posuere justo at vulputate. Pellentesque et sapien pulvinar consectetur. Eros diam egestas libero eu vulputate risus.',replace(replace('Lorem ipsum dolor sit amet consectetur adipisicing elit, sed do eiusmod tempor\r\nincididunt ut labore et **dolore magna aliqua**: Duis aute irure dolor in\r\nreprehenderit in voluptate velit esse cillum dolore eu fugiat nulla pariatur.\r\nExcepteur sint occaecat cupidatat non proident, sunt in culpa qui officia\r\ndeserunt mollit anim id est laborum.\r\n\r\n  * Ut enim ad minim veniam\r\n  * Quis nostrud exercitation *ullamco laboris*\r\n  * Nisi ut aliquip ex ea commodo consequat\r\n\r\nPraesent id fermentum lorem. Ut est lorem, fringilla at accumsan nec, euismod at\r\nnunc. Aenean mattis sollicitudin mattis. Nullam pulvinar vestibulum bibendum.\r\nClass aptent taciti sociosqu ad litora torquent per conubia nostra, per inceptos\r\nhimenaeos. Fusce nulla purus, gravida ac interdum ut, blandit eget ex. Duis a\r\nluctus dolor.\r\n\r\nInteger auctor massa maximus nulla scelerisque accumsan. *Aliquam ac malesuada*\r\nex. Pellentesque tortor magna, vulputate eu vulputate ut, venenatis ac lectus.\r\nPraesent ut lacinia sem. Mauris a lectus eget felis mollis feugiat. Quisque\r\nefficitur, mi ut semper pulvinar, urna urna blandit massa, eget tincidunt augue\r\nnulla vitae est.\r\n\r\nUt posuere aliquet tincidunt. Aliquam erat volutpat. **Class aptent taciti**\r\nsociosqu ad litora torquent per conubia nostra, per inceptos himenaeos. Morbi\r\narcu orci, gravida eget aliquam eu, suscipit et ante. Morbi vulputate metus vel\r\nipsum finibus, ut dapibus massa feugiat. Vestibulum vel lobortis libero. Sed\r\ntincidunt tellus et viverra scelerisque. Pellentesque tincidunt cursus felis.\r\nSed in egestas erat.\r\n\r\nAliquam pulvinar interdum massa, vel ullamcorper ante consectetur eu. Vestibulum\r\nlacinia ac enim vel placerat. Integer pulvinar magna nec dui malesuada, nec\r\ncongue nisl dictum. Donec mollis nisl tortor, at congue erat consequat a. Nam\r\ntempus elit porta, blandit elit vel, viverra lorem. Sed sit amet tellus\r\ntincidunt, faucibus nisl in, aliquet libero.','\r',char(13)),'\n',char(10)),'2025-02-13 17:27:14');
INSERT INTO symfony_demo_post VALUES(43,5,'Sed varius a risus eget aliquam','sed-varius-a-risus-eget-aliquam','Eros diam egestas libero eu vulputate risus. Vae humani generis. Pellentesque vitae velit ex. Nunc viverra elit ac laoreet suscipit. Sunt torquises imitari velox mirabilis medicinaes. Ubi est barbatus nix. Aliquam sodales odio id eleifend tristique.',replace(replace('Lorem ipsum dolor sit amet consectetur adipisicing elit, sed do eiusmod tempor\r\nincididunt ut labore et **dolore magna aliqua**: Duis aute irure dolor in\r\nreprehenderit in voluptate velit esse cillum dolore eu fugiat nulla pariatur.\r\nExcepteur sint occaecat cupidatat non proident, sunt in culpa qui officia\r\ndeserunt mollit anim id est laborum.\r\n\r\n  * Ut enim ad minim veniam\r\n  * Quis nostrud exercitation *ullamco laboris*\r\n  * Nisi ut aliquip ex ea commodo consequat\r\n\r\nPraesent id fermentum lorem. Ut est lorem, fringilla at accumsan nec, euismod at\r\nnunc. Aenean mattis sollicitudin mattis. Nullam pulvinar vestibulum bibendum.\r\nClass aptent taciti sociosqu ad litora torquent per conubia nostra, per inceptos\r\nhimenaeos. Fusce nulla purus, gravida ac interdum ut, blandit eget ex. Duis a\r\nluctus dolor.\r\n\r\nInteger auctor massa maximus nulla scelerisque accumsan. *Aliquam ac malesuada*\r\nex. Pellentesque tortor magna, vulputate eu vulputate ut, venenatis ac lectus.\r\nPraesent ut lacinia sem. Mauris a lectus eget felis mollis feugiat. Quisque\r\nefficitur, mi ut semper pulvinar, urna urna blandit massa, eget tincidunt augue\r\nnulla vitae est.\r\n\r\nUt posuere aliquet tincidunt. Aliquam erat volutpat. **Class aptent taciti**\r\nsociosqu ad litora torquent per conubia nostra, per inceptos himenaeos. Morbi\r\narcu orci, gravida eget aliquam eu, suscipit et ante. Morbi vulputate metus vel\r\nipsum finibus, ut dapibus massa feugiat. Vestibulum vel lobortis libero. Sed\r\ntincidunt tellus et viverra scelerisque. Pellentesque tincidunt cursus felis.\r\nSed in egestas erat.\r\n\r\nAliquam pulvinar interdum massa, vel ullamcorper ante consectetur eu. Vestibulum\r\nlacinia ac enim vel placerat. Integer pulvinar magna nec dui malesuada, nec\r\ncongue nisl dictum. Donec mollis nisl tortor, at congue erat consequat a. Nam\r\ntempus elit porta, blandit elit vel, viverra lorem. Sed sit amet tellus\r\ntincidunt, faucibus nisl in, aliquet libero.','\r',char(13)),'\n',char(10)),'2025-02-12 13:29:05');
INSERT INTO symfony_demo_post VALUES(44,5,'Nunc viverra elit ac laoreet suscipit','nunc-viverra-elit-ac-laoreet-suscipit','Pellentesque vitae velit ex. Ut eleifend mauris et risus ultrices egestas. Aliquam sodales odio id eleifend tristique. Sed varius a risus eget aliquam. Morbi tempus commodo mattis. Sunt seculaes transferre talis camerarius fluctuies.',replace(replace('Lorem ipsum dolor sit amet consectetur adipisicing elit, sed do eiusmod tempor\r\nincididunt ut labore et **dolore magna aliqua**: Duis aute irure dolor in\r\nreprehenderit in voluptate velit esse cillum dolore eu fugiat nulla pariatur.\r\nExcepteur sint occaecat cupidatat non proident, sunt in culpa qui officia\r\ndeserunt mollit anim id est laborum.\r\n\r\n  * Ut enim ad minim veniam\r\n  * Quis nostrud exercitation *ullamco laboris*\r\n  * Nisi ut aliquip ex ea commodo consequat\r\n\r\nPraesent id fermentum lorem. Ut est lorem, fringilla at accumsan nec, euismod at\r\nnunc. Aenean mattis sollicitudin mattis. Nullam pulvinar vestibulum bibendum.\r\nClass aptent taciti sociosqu ad litora torquent per conubia nostra, per inceptos\r\nhimenaeos. Fusce nulla purus, gravida ac interdum ut, blandit eget ex. Duis a\r\nluctus dolor.\r\n\r\nInteger auctor massa maximus nulla scelerisque accumsan. *Aliquam ac malesuada*\r\nex. Pellentesque tortor magna, vulputate eu vulputate ut, venenatis ac lectus.\r\nPraesent ut lacinia sem. Mauris a lectus eget felis mollis feugiat. Quisque\r\nefficitur, mi ut semper pulvinar, urna urna blandit massa, eget tincidunt augue\r\nnulla vitae est.\r\n\r\nUt posuere aliquet tincidunt. Aliquam erat volutpat. **Class aptent taciti**\r\nsociosqu ad litora torquent per conubia nostra, per inceptos himenaeos. Morbi\r\narcu orci, gravida eget aliquam eu, suscipit et ante. Morbi vulputate metus vel\r\nipsum finibus, ut dapibus massa feugiat. Vestibulum vel lobortis libero. Sed\r\ntincidunt tellus et viverra scelerisque. Pellentesque tincidunt cursus felis.\r\nSed in egestas erat.\r\n\r\nAliquam pulvinar interdum massa, vel ullamcorper ante consectetur eu. Vestibulum\r\nlacinia ac enim vel placerat. Integer pulvinar magna nec dui malesuada, nec\r\ncongue nisl dictum. Donec mollis nisl tortor, at congue erat consequat a. Nam\r\ntempus elit porta, blandit elit vel, viverra lorem. Sed sit amet tellus\r\ntincidunt, faucibus nisl in, aliquet libero.','\r',char(13)),'\n',char(10)),'2025-02-11 11:39:31');
INSERT INTO symfony_demo_post VALUES(45,5,'Pellentesque et sapien pulvinar consectetur','pellentesque-et-sapien-pulvinar-consectetur','Silva de secundus galatae demitto quadra. Vae humani generis. Sunt torquises imitari velox mirabilis medicinaes. Abnobas sunt hilotaes de placidus vita. Bassus fatalis classiss virtualiter transferre de flavum. Pellentesque vitae velit ex.',replace(replace('Lorem ipsum dolor sit amet consectetur adipisicing elit, sed do eiusmod tempor\r\nincididunt ut labore et **dolore magna aliqua**: Duis aute irure dolor in\r\nreprehenderit in voluptate velit esse cillum dolore eu fugiat nulla pariatur.\r\nExcepteur sint occaecat cupidatat non proident, sunt in culpa qui officia\r\ndeserunt mollit anim id est laborum.\r\n\r\n  * Ut enim ad minim veniam\r\n  * Quis nostrud exercitation *ullamco laboris*\r\n  * Nisi ut aliquip ex ea commodo consequat\r\n\r\nPraesent id fermentum lorem. Ut est lorem, fringilla at accumsan nec, euismod at\r\nnunc. Aenean mattis sollicitudin mattis. Nullam pulvinar vestibulum bibendum.\r\nClass aptent taciti sociosqu ad litora torquent per conubia nostra, per inceptos\r\nhimenaeos. Fusce nulla purus, gravida ac interdum ut, blandit eget ex. Duis a\r\nluctus dolor.\r\n\r\nInteger auctor massa maximus nulla scelerisque accumsan. *Aliquam ac malesuada*\r\nex. Pellentesque tortor magna, vulputate eu vulputate ut, venenatis ac lectus.\r\nPraesent ut lacinia sem. Mauris a lectus eget felis mollis feugiat. Quisque\r\nefficitur, mi ut semper pulvinar, urna urna blandit massa, eget tincidunt augue\r\nnulla vitae est.\r\n\r\nUt posuere aliquet tincidunt. Aliquam erat volutpat. **Class aptent taciti**\r\nsociosqu ad litora torquent per conubia nostra, per inceptos himenaeos. Morbi\r\narcu orci, gravida eget aliquam eu, suscipit et ante. Morbi vulputate metus vel\r\nipsum finibus, ut dapibus massa feugiat. Vestibulum vel lobortis libero. Sed\r\ntincidunt tellus et viverra scelerisque. Pellentesque tincidunt cursus felis.\r\nSed in egestas erat.\r\n\r\nAliquam pulvinar interdum massa, vel ullamcorper ante consectetur eu. Vestibulum\r\nlacinia ac enim vel placerat. Integer pulvinar magna nec dui malesuada, nec\r\ncongue nisl dictum. Donec mollis nisl tortor, at congue erat consequat a. Nam\r\ntempus elit porta, blandit elit vel, viverra lorem. Sed sit amet tellus\r\ntincidunt, faucibus nisl in, aliquet libero.','\r',char(13)),'\n',char(10)),'2025-02-10 11:46:56');
INSERT INTO symfony_demo_post VALUES(46,6,'Ubi est barbatus nix','ubi-est-barbatus-nix','Ut suscipit posuere justo at vulputate. Diatrias tolerare tanquam noster caesium. Era brevis ratione est. Sed varius a risus eget aliquam. Aliquam sodales odio id eleifend tristique. Bassus fatalis classiss virtualiter transferre de flavum.',replace(replace('Lorem ipsum dolor sit amet consectetur adipisicing elit, sed do eiusmod tempor\r\nincididunt ut labore et **dolore magna aliqua**: Duis aute irure dolor in\r\nreprehenderit in voluptate velit esse cillum dolore eu fugiat nulla pariatur.\r\nExcepteur sint occaecat cupidatat non proident, sunt in culpa qui officia\r\ndeserunt mollit anim id est laborum.\r\n\r\n  * Ut enim ad minim veniam\r\n  * Quis nostrud exercitation *ullamco laboris*\r\n  * Nisi ut aliquip ex ea commodo consequat\r\n\r\nPraesent id fermentum lorem. Ut est lorem, fringilla at accumsan nec, euismod at\r\nnunc. Aenean mattis sollicitudin mattis. Nullam pulvinar vestibulum bibendum.\r\nClass aptent taciti sociosqu ad litora torquent per conubia nostra, per inceptos\r\nhimenaeos. Fusce nulla purus, gravida ac interdum ut, blandit eget ex. Duis a\r\nluctus dolor.\r\n\r\nInteger auctor massa maximus nulla scelerisque accumsan. *Aliquam ac malesuada*\r\nex. Pellentesque tortor magna, vulputate eu vulputate ut, venenatis ac lectus.\r\nPraesent ut lacinia sem. Mauris a lectus eget felis mollis feugiat. Quisque\r\nefficitur, mi ut semper pulvinar, urna urna blandit massa, eget tincidunt augue\r\nnulla vitae est.\r\n\r\nUt posuere aliquet tincidunt. Aliquam erat volutpat. **Class aptent taciti**\r\nsociosqu ad litora torquent per conubia nostra, per inceptos himenaeos. Morbi\r\narcu orci, gravida eget aliquam eu, suscipit et ante. Morbi vulputate metus vel\r\nipsum finibus, ut dapibus massa feugiat. Vestibulum vel lobortis libero. Sed\r\ntincidunt tellus et viverra scelerisque. Pellentesque tincidunt cursus felis.\r\nSed in egestas erat.\r\n\r\nAliquam pulvinar interdum massa, vel ullamcorper ante consectetur eu. Vestibulum\r\nlacinia ac enim vel placerat. Integer pulvinar magna nec dui malesuada, nec\r\ncongue nisl dictum. Donec mollis nisl tortor, at congue erat consequat a. Nam\r\ntempus elit porta, blandit elit vel, viverra lorem. Sed sit amet tellus\r\ntincidunt, faucibus nisl in, aliquet libero.','\r',char(13)),'\n',char(10)),'2025-02-09 10:19:53');
INSERT INTO symfony_demo_post VALUES(47,6,'Abnobas sunt hilotaes de placidus vita','abnobas-sunt-hilotaes-de-placidus-vita','Eposs sunt solems de superbus fortis. In hac habitasse platea dictumst. Nulla porta lobortis ligula vel egestas. Morbi tempus commodo mattis. Urna nisl sollicitudin id varius orci quam id turpis. Potus sensim ad ferox abnoba.',replace(replace('Lorem ipsum dolor sit amet consectetur adipisicing elit, sed do eiusmod tempor\r\nincididunt ut labore et **dolore magna aliqua**: Duis aute irure dolor in\r\nreprehenderit in voluptate velit esse cillum dolore eu fugiat nulla pariatur.\r\nExcepteur sint occaecat cupidatat non proident, sunt in culpa qui officia\r\ndeserunt mollit anim id est laborum.\r\n\r\n  * Ut enim ad minim veniam\r\n  * Quis nostrud exercitation *ullamco laboris*\r\n  * Nisi ut aliquip ex ea commodo consequat\r\n\r\nPraesent id fermentum lorem. Ut est lorem, fringilla at accumsan nec, euismod at\r\nnunc. Aenean mattis sollicitudin mattis. Nullam pulvinar vestibulum bibendum.\r\nClass aptent taciti sociosqu ad litora torquent per conubia nostra, per inceptos\r\nhimenaeos. Fusce nulla purus, gravida ac interdum ut, blandit eget ex. Duis a\r\nluctus dolor.\r\n\r\nInteger auctor massa maximus nulla scelerisque accumsan. *Aliquam ac malesuada*\r\nex. Pellentesque tortor magna, vulputate eu vulputate ut, venenatis ac lectus.\r\nPraesent ut lacinia sem. Mauris a lectus eget felis mollis feugiat. Quisque\r\nefficitur, mi ut semper pulvinar, urna urna blandit massa, eget tincidunt augue\r\nnulla vitae est.\r\n\r\nUt posuere aliquet tincidunt. Aliquam erat volutpat. **Class aptent taciti**\r\nsociosqu ad litora torquent per conubia nostra, per inceptos himenaeos. Morbi\r\narcu orci, gravida eget aliquam eu, suscipit et ante. Morbi vulputate metus vel\r\nipsum finibus, ut dapibus massa feugiat. Vestibulum vel lobortis libero. Sed\r\ntincidunt tellus et viverra scelerisque. Pellentesque tincidunt cursus felis.\r\nSed in egestas erat.\r\n\r\nAliquam pulvinar interdum massa, vel ullamcorper ante consectetur eu. Vestibulum\r\nlacinia ac enim vel placerat. Integer pulvinar magna nec dui malesuada, nec\r\ncongue nisl dictum. Donec mollis nisl tortor, at congue erat consequat a. Nam\r\ntempus elit porta, blandit elit vel, viverra lorem. Sed sit amet tellus\r\ntincidunt, faucibus nisl in, aliquet libero.','\r',char(13)),'\n',char(10)),'2025-02-08 15:27:27');
INSERT INTO symfony_demo_post VALUES(48,6,'Ubi est audax amicitia','ubi-est-audax-amicitia','Sunt accentores vitare salvus flavum parses. Sed varius a risus eget aliquam. Sunt torquises imitari velox mirabilis medicinaes. Ut eleifend mauris et risus ultrices egestas. Aliquam sodales odio id eleifend tristique.',replace(replace('Lorem ipsum dolor sit amet consectetur adipisicing elit, sed do eiusmod tempor\r\nincididunt ut labore et **dolore magna aliqua**: Duis aute irure dolor in\r\nreprehenderit in voluptate velit esse cillum dolore eu fugiat nulla pariatur.\r\nExcepteur sint occaecat cupidatat non proident, sunt in culpa qui officia\r\ndeserunt mollit anim id est laborum.\r\n\r\n  * Ut enim ad minim veniam\r\n  * Quis nostrud exercitation *ullamco laboris*\r\n  * Nisi ut aliquip ex ea commodo consequat\r\n\r\nPraesent id fermentum lorem. Ut est lorem, fringilla at accumsan nec, euismod at\r\nnunc. Aenean mattis sollicitudin mattis. Nullam pulvinar vestibulum bibendum.\r\nClass aptent taciti sociosqu ad litora torquent per conubia nostra, per inceptos\r\nhimenaeos. Fusce nulla purus, gravida ac interdum ut, blandit eget ex. Duis a\r\nluctus dolor.\r\n\r\nInteger auctor massa maximus nulla scelerisque accumsan. *Aliquam ac malesuada*\r\nex. Pellentesque tortor magna, vulputate eu vulputate ut, venenatis ac lectus.\r\nPraesent ut lacinia sem. Mauris a lectus eget felis mollis feugiat. Quisque\r\nefficitur, mi ut semper pulvinar, urna urna blandit massa, eget tincidunt augue\r\nnulla vitae est.\r\n\r\nUt posuere aliquet tincidunt. Aliquam erat volutpat. **Class aptent taciti**\r\nsociosqu ad litora torquent per conubia nostra, per inceptos himenaeos. Morbi\r\narcu orci, gravida eget aliquam eu, suscipit et ante. Morbi vulputate metus vel\r\nipsum finibus, ut dapibus massa feugiat. Vestibulum vel lobortis libero. Sed\r\ntincidunt tellus et viverra scelerisque. Pellentesque tincidunt cursus felis.\r\nSed in egestas erat.\r\n\r\nAliquam pulvinar interdum massa, vel ullamcorper ante consectetur eu. Vestibulum\r\nlacinia ac enim vel placerat. Integer pulvinar magna nec dui malesuada, nec\r\ncongue nisl dictum. Donec mollis nisl tortor, at congue erat consequat a. Nam\r\ntempus elit porta, blandit elit vel, viverra lorem. Sed sit amet tellus\r\ntincidunt, faucibus nisl in, aliquet libero.','\r',char(13)),'\n',char(10)),'2025-02-07 13:36:06');
INSERT INTO symfony_demo_post VALUES(49,5,'Eposs sunt solems de superbus fortis','eposs-sunt-solems-de-superbus-fortis','Teres talis saepe tractare de camerarius flavum sensorem. Sunt accentores vitare salvus flavum parses. Urna nisl sollicitudin id varius orci quam id turpis. In hac habitasse platea dictumst. Diatrias tolerare tanquam noster caesium.',replace(replace('Lorem ipsum dolor sit amet consectetur adipisicing elit, sed do eiusmod tempor\r\nincididunt ut labore et **dolore magna aliqua**: Duis aute irure dolor in\r\nreprehenderit in voluptate velit esse cillum dolore eu fugiat nulla pariatur.\r\nExcepteur sint occaecat cupidatat non proident, sunt in culpa qui officia\r\ndeserunt mollit anim id est laborum.\r\n\r\n  * Ut enim ad minim veniam\r\n  * Quis nostrud exercitation *ullamco laboris*\r\n  * Nisi ut aliquip ex ea commodo consequat\r\n\r\nPraesent id fermentum lorem. Ut est lorem, fringilla at accumsan nec, euismod at\r\nnunc. Aenean mattis sollicitudin mattis. Nullam pulvinar vestibulum bibendum.\r\nClass aptent taciti sociosqu ad litora torquent per conubia nostra, per inceptos\r\nhimenaeos. Fusce nulla purus, gravida ac interdum ut, blandit eget ex. Duis a\r\nluctus dolor.\r\n\r\nInteger auctor massa maximus nulla scelerisque accumsan. *Aliquam ac malesuada*\r\nex. Pellentesque tortor magna, vulputate eu vulputate ut, venenatis ac lectus.\r\nPraesent ut lacinia sem. Mauris a lectus eget felis mollis feugiat. Quisque\r\nefficitur, mi ut semper pulvinar, urna urna blandit massa, eget tincidunt augue\r\nnulla vitae est.\r\n\r\nUt posuere aliquet tincidunt. Aliquam erat volutpat. **Class aptent taciti**\r\nsociosqu ad litora torquent per conubia nostra, per inceptos himenaeos. Morbi\r\narcu orci, gravida eget aliquam eu, suscipit et ante. Morbi vulputate metus vel\r\nipsum finibus, ut dapibus massa feugiat. Vestibulum vel lobortis libero. Sed\r\ntincidunt tellus et viverra scelerisque. Pellentesque tincidunt cursus felis.\r\nSed in egestas erat.\r\n\r\nAliquam pulvinar interdum massa, vel ullamcorper ante consectetur eu. Vestibulum\r\nlacinia ac enim vel placerat. Integer pulvinar magna nec dui malesuada, nec\r\ncongue nisl dictum. Donec mollis nisl tortor, at congue erat consequat a. Nam\r\ntempus elit porta, blandit elit vel, viverra lorem. Sed sit amet tellus\r\ntincidunt, faucibus nisl in, aliquet libero.','\r',char(13)),'\n',char(10)),'2025-02-06 14:19:30');
INSERT INTO symfony_demo_post VALUES(50,6,'Vae humani generis','vae-humani-generis','Mineralis persuadere omnes finises desiderium. Bassus fatalis classiss virtualiter transferre de flavum. Teres talis saepe tractare de camerarius flavum sensorem. Sed varius a risus eget aliquam. Mauris dapibus risus quis suscipit vulputate.',replace(replace('Lorem ipsum dolor sit amet consectetur adipisicing elit, sed do eiusmod tempor\r\nincididunt ut labore et **dolore magna aliqua**: Duis aute irure dolor in\r\nreprehenderit in voluptate velit esse cillum dolore eu fugiat nulla pariatur.\r\nExcepteur sint occaecat cupidatat non proident, sunt in culpa qui officia\r\ndeserunt mollit anim id est laborum.\r\n\r\n  * Ut enim ad minim veniam\r\n  * Quis nostrud exercitation *ullamco laboris*\r\n  * Nisi ut aliquip ex ea commodo consequat\r\n\r\nPraesent id fermentum lorem. Ut est lorem, fringilla at accumsan nec, euismod at\r\nnunc. Aenean mattis sollicitudin mattis. Nullam pulvinar vestibulum bibendum.\r\nClass aptent taciti sociosqu ad litora torquent per conubia nostra, per inceptos\r\nhimenaeos. Fusce nulla purus, gravida ac interdum ut, blandit eget ex. Duis a\r\nluctus dolor.\r\n\r\nInteger auctor massa maximus nulla scelerisque accumsan. *Aliquam ac malesuada*\r\nex. Pellentesque tortor magna, vulputate eu vulputate ut, venenatis ac lectus.\r\nPraesent ut lacinia sem. Mauris a lectus eget felis mollis feugiat. Quisque\r\nefficitur, mi ut semper pulvinar, urna urna blandit massa, eget tincidunt augue\r\nnulla vitae est.\r\n\r\nUt posuere aliquet tincidunt. Aliquam erat volutpat. **Class aptent taciti**\r\nsociosqu ad litora torquent per conubia nostra, per inceptos himenaeos. Morbi\r\narcu orci, gravida eget aliquam eu, suscipit et ante. Morbi vulputate metus vel\r\nipsum finibus, ut dapibus massa feugiat. Vestibulum vel lobortis libero. Sed\r\ntincidunt tellus et viverra scelerisque. Pellentesque tincidunt cursus felis.\r\nSed in egestas erat.\r\n\r\nAliquam pulvinar interdum massa, vel ullamcorper ante consectetur eu. Vestibulum\r\nlacinia ac enim vel placerat. Integer pulvinar magna nec dui malesuada, nec\r\ncongue nisl dictum. Donec mollis nisl tortor, at congue erat consequat a. Nam\r\ntempus elit porta, blandit elit vel, viverra lorem. Sed sit amet tellus\r\ntincidunt, faucibus nisl in, aliquet libero.','\r',char(13)),'\n',char(10)),'2025-02-05 16:20:30');
INSERT INTO symfony_demo_post VALUES(51,6,'Diatrias tolerare tanquam noster caesium','diatrias-tolerare-tanquam-noster-caesium','Sunt accentores vitare salvus flavum parses. Lorem ipsum dolor sit amet consectetur adipiscing elit. Mauris dapibus risus quis suscipit vulputate. Pellentesque vitae velit ex. Ut eleifend mauris et risus ultrices egestas. Sed varius a risus eget aliquam.',replace(replace('Lorem ipsum dolor sit amet consectetur adipisicing elit, sed do eiusmod tempor\r\nincididunt ut labore et **dolore magna aliqua**: Duis aute irure dolor in\r\nreprehenderit in voluptate velit esse cillum dolore eu fugiat nulla pariatur.\r\nExcepteur sint occaecat cupidatat non proident, sunt in culpa qui officia\r\ndeserunt mollit anim id est laborum.\r\n\r\n  * Ut enim ad minim veniam\r\n  * Quis nostrud exercitation *ullamco laboris*\r\n  * Nisi ut aliquip ex ea commodo consequat\r\n\r\nPraesent id fermentum lorem. Ut est lorem, fringilla at accumsan nec, euismod at\r\nnunc. Aenean mattis sollicitudin mattis. Nullam pulvinar vestibulum bibendum.\r\nClass aptent taciti sociosqu ad litora torquent per conubia nostra, per inceptos\r\nhimenaeos. Fusce nulla purus, gravida ac interdum ut, blandit eget ex. Duis a\r\nluctus dolor.\r\n\r\nInteger auctor massa maximus nulla scelerisque accumsan. *Aliquam ac malesuada*\r\nex. Pellentesque tortor magna, vulputate eu vulputate ut, venenatis ac lectus.\r\nPraesent ut lacinia sem. Mauris a lectus eget felis mollis feugiat. Quisque\r\nefficitur, mi ut semper pulvinar, urna urna blandit massa, eget tincidunt augue\r\nnulla vitae est.\r\n\r\nUt posuere aliquet tincidunt. Aliquam erat volutpat. **Class aptent taciti**\r\nsociosqu ad litora torquent per conubia nostra, per inceptos himenaeos. Morbi\r\narcu orci, gravida eget aliquam eu, suscipit et ante. Morbi vulputate metus vel\r\nipsum finibus, ut dapibus massa feugiat. Vestibulum vel lobortis libero. Sed\r\ntincidunt tellus et viverra scelerisque. Pellentesque tincidunt cursus felis.\r\nSed in egestas erat.\r\n\r\nAliquam pulvinar interdum massa, vel ullamcorper ante consectetur eu. Vestibulum\r\nlacinia ac enim vel placerat. Integer pulvinar magna nec dui malesuada, nec\r\ncongue nisl dictum. Donec mollis nisl tortor, at congue erat consequat a. Nam\r\ntempus elit porta, blandit elit vel, viverra lorem. Sed sit amet tellus\r\ntincidunt, faucibus nisl in, aliquet libero.','\r',char(13)),'\n',char(10)),'2025-02-04 11:49:05');
INSERT INTO symfony_demo_post VALUES(52,5,'Teres talis saepe tractare de camerarius flavum sensorem','teres-talis-saepe-tractare-de-camerarius-flavum-sensorem','Eposs sunt solems de superbus fortis. Mauris dapibus risus quis suscipit vulputate. In hac habitasse platea dictumst. Era brevis ratione est. Sunt torquises imitari velox mirabilis medicinaes. Pellentesque vitae velit ex.',replace(replace('Lorem ipsum dolor sit amet consectetur adipisicing elit, sed do eiusmod tempor\r\nincididunt ut labore et **dolore magna aliqua**: Duis aute irure dolor in\r\nreprehenderit in voluptate velit esse cillum dolore eu fugiat nulla pariatur.\r\nExcepteur sint occaecat cupidatat non proident, sunt in culpa qui officia\r\ndeserunt mollit anim id est laborum.\r\n\r\n  * Ut enim ad minim veniam\r\n  * Quis nostrud exercitation *ullamco laboris*\r\n  * Nisi ut aliquip ex ea commodo consequat\r\n\r\nPraesent id fermentum lorem. Ut est lorem, fringilla at accumsan nec, euismod at\r\nnunc. Aenean mattis sollicitudin mattis. Nullam pulvinar vestibulum bibendum.\r\nClass aptent taciti sociosqu ad litora torquent per conubia nostra, per inceptos\r\nhimenaeos. Fusce nulla purus, gravida ac interdum ut, blandit eget ex. Duis a\r\nluctus dolor.\r\n\r\nInteger auctor massa maximus nulla scelerisque accumsan. *Aliquam ac malesuada*\r\nex. Pellentesque tortor magna, vulputate eu vulputate ut, venenatis ac lectus.\r\nPraesent ut lacinia sem. Mauris a lectus eget felis mollis feugiat. Quisque\r\nefficitur, mi ut semper pulvinar, urna urna blandit massa, eget tincidunt augue\r\nnulla vitae est.\r\n\r\nUt posuere aliquet tincidunt. Aliquam erat volutpat. **Class aptent taciti**\r\nsociosqu ad litora torquent per conubia nostra, per inceptos himenaeos. Morbi\r\narcu orci, gravida eget aliquam eu, suscipit et ante. Morbi vulputate metus vel\r\nipsum finibus, ut dapibus massa feugiat. Vestibulum vel lobortis libero. Sed\r\ntincidunt tellus et viverra scelerisque. Pellentesque tincidunt cursus felis.\r\nSed in egestas erat.\r\n\r\nAliquam pulvinar interdum massa, vel ullamcorper ante consectetur eu. Vestibulum\r\nlacinia ac enim vel placerat. Integer pulvinar magna nec dui malesuada, nec\r\ncongue nisl dictum. Donec mollis nisl tortor, at congue erat consequat a. Nam\r\ntempus elit porta, blandit elit vel, viverra lorem. Sed sit amet tellus\r\ntincidunt, faucibus nisl in, aliquet libero.','\r',char(13)),'\n',char(10)),'2025-02-03 15:24:20');
INSERT INTO symfony_demo_post VALUES(53,5,'Silva de secundus galatae demitto quadra','silva-de-secundus-galatae-demitto-quadra','Sunt accentores vitare salvus flavum parses. Sunt torquises imitari velox mirabilis medicinaes. Nulla porta lobortis ligula vel egestas. Abnobas sunt hilotaes de placidus vita. Vae humani generis. Bassus fatalis classiss virtualiter transferre de flavum.',replace(replace('Lorem ipsum dolor sit amet consectetur adipisicing elit, sed do eiusmod tempor\r\nincididunt ut labore et **dolore magna aliqua**: Duis aute irure dolor in\r\nreprehenderit in voluptate velit esse cillum dolore eu fugiat nulla pariatur.\r\nExcepteur sint occaecat cupidatat non proident, sunt in culpa qui officia\r\ndeserunt mollit anim id est laborum.\r\n\r\n  * Ut enim ad minim veniam\r\n  * Quis nostrud exercitation *ullamco laboris*\r\n  * Nisi ut aliquip ex ea commodo consequat\r\n\r\nPraesent id fermentum lorem. Ut est lorem, fringilla at accumsan nec, euismod at\r\nnunc. Aenean mattis sollicitudin mattis. Nullam pulvinar vestibulum bibendum.\r\nClass aptent taciti sociosqu ad litora torquent per conubia nostra, per inceptos\r\nhimenaeos. Fusce nulla purus, gravida ac interdum ut, blandit eget ex. Duis a\r\nluctus dolor.\r\n\r\nInteger auctor massa maximus nulla scelerisque accumsan. *Aliquam ac malesuada*\r\nex. Pellentesque tortor magna, vulputate eu vulputate ut, venenatis ac lectus.\r\nPraesent ut lacinia sem. Mauris a lectus eget felis mollis feugiat. Quisque\r\nefficitur, mi ut semper pulvinar, urna urna blandit massa, eget tincidunt augue\r\nnulla vitae est.\r\n\r\nUt posuere aliquet tincidunt. Aliquam erat volutpat. **Class aptent taciti**\r\nsociosqu ad litora torquent per conubia nostra, per inceptos himenaeos. Morbi\r\narcu orci, gravida eget aliquam eu, suscipit et ante. Morbi vulputate metus vel\r\nipsum finibus, ut dapibus massa feugiat. Vestibulum vel lobortis libero. Sed\r\ntincidunt tellus et viverra scelerisque. Pellentesque tincidunt cursus felis.\r\nSed in egestas erat.\r\n\r\nAliquam pulvinar interdum massa, vel ullamcorper ante consectetur eu. Vestibulum\r\nlacinia ac enim vel placerat. Integer pulvinar magna nec dui malesuada, nec\r\ncongue nisl dictum. Donec mollis nisl tortor, at congue erat consequat a. Nam\r\ntempus elit porta, blandit elit vel, viverra lorem. Sed sit amet tellus\r\ntincidunt, faucibus nisl in, aliquet libero.','\r',char(13)),'\n',char(10)),'2025-02-02 11:45:19');
INSERT INTO symfony_demo_post VALUES(54,6,'Sunt accentores vitare salvus flavum parses','sunt-accentores-vitare-salvus-flavum-parses','Ut suscipit posuere justo at vulputate. Mauris dapibus risus quis suscipit vulputate. In hac habitasse platea dictumst. Mineralis persuadere omnes finises desiderium. Ubi est barbatus nix. Eposs sunt solems de superbus fortis.',replace(replace('Lorem ipsum dolor sit amet consectetur adipisicing elit, sed do eiusmod tempor\r\nincididunt ut labore et **dolore magna aliqua**: Duis aute irure dolor in\r\nreprehenderit in voluptate velit esse cillum dolore eu fugiat nulla pariatur.\r\nExcepteur sint occaecat cupidatat non proident, sunt in culpa qui officia\r\ndeserunt mollit anim id est laborum.\r\n\r\n  * Ut enim ad minim veniam\r\n  * Quis nostrud exercitation *ullamco laboris*\r\n  * Nisi ut aliquip ex ea commodo consequat\r\n\r\nPraesent id fermentum lorem. Ut est lorem, fringilla at accumsan nec, euismod at\r\nnunc. Aenean mattis sollicitudin mattis. Nullam pulvinar vestibulum bibendum.\r\nClass aptent taciti sociosqu ad litora torquent per conubia nostra, per inceptos\r\nhimenaeos. Fusce nulla purus, gravida ac interdum ut, blandit eget ex. Duis a\r\nluctus dolor.\r\n\r\nInteger auctor massa maximus nulla scelerisque accumsan. *Aliquam ac malesuada*\r\nex. Pellentesque tortor magna, vulputate eu vulputate ut, venenatis ac lectus.\r\nPraesent ut lacinia sem. Mauris a lectus eget felis mollis feugiat. Quisque\r\nefficitur, mi ut semper pulvinar, urna urna blandit massa, eget tincidunt augue\r\nnulla vitae est.\r\n\r\nUt posuere aliquet tincidunt. Aliquam erat volutpat. **Class aptent taciti**\r\nsociosqu ad litora torquent per conubia nostra, per inceptos himenaeos. Morbi\r\narcu orci, gravida eget aliquam eu, suscipit et ante. Morbi vulputate metus vel\r\nipsum finibus, ut dapibus massa feugiat. Vestibulum vel lobortis libero. Sed\r\ntincidunt tellus et viverra scelerisque. Pellentesque tincidunt cursus felis.\r\nSed in egestas erat.\r\n\r\nAliquam pulvinar interdum massa, vel ullamcorper ante consectetur eu. Vestibulum\r\nlacinia ac enim vel placerat. Integer pulvinar magna nec dui malesuada, nec\r\ncongue nisl dictum. Donec mollis nisl tortor, at congue erat consequat a. Nam\r\ntempus elit porta, blandit elit vel, viverra lorem. Sed sit amet tellus\r\ntincidunt, faucibus nisl in, aliquet libero.','\r',char(13)),'\n',char(10)),'2025-02-01 12:40:29');
INSERT INTO symfony_demo_post VALUES(55,6,'Potus sensim ad ferox abnoba','potus-sensim-ad-ferox-abnoba','Nulla porta lobortis ligula vel egestas. Teres talis saepe tractare de camerarius flavum sensorem. Lorem ipsum dolor sit amet consectetur adipiscing elit. Urna nisl sollicitudin id varius orci quam id turpis. Silva de secundus galatae demitto quadra.',replace(replace('Lorem ipsum dolor sit amet consectetur adipisicing elit, sed do eiusmod tempor\r\nincididunt ut labore et **dolore magna aliqua**: Duis aute irure dolor in\r\nreprehenderit in voluptate velit esse cillum dolore eu fugiat nulla pariatur.\r\nExcepteur sint occaecat cupidatat non proident, sunt in culpa qui officia\r\ndeserunt mollit anim id est laborum.\r\n\r\n  * Ut enim ad minim veniam\r\n  * Quis nostrud exercitation *ullamco laboris*\r\n  * Nisi ut aliquip ex ea commodo consequat\r\n\r\nPraesent id fermentum lorem. Ut est lorem, fringilla at accumsan nec, euismod at\r\nnunc. Aenean mattis sollicitudin mattis. Nullam pulvinar vestibulum bibendum.\r\nClass aptent taciti sociosqu ad litora torquent per conubia nostra, per inceptos\r\nhimenaeos. Fusce nulla purus, gravida ac interdum ut, blandit eget ex. Duis a\r\nluctus dolor.\r\n\r\nInteger auctor massa maximus nulla scelerisque accumsan. *Aliquam ac malesuada*\r\nex. Pellentesque tortor magna, vulputate eu vulputate ut, venenatis ac lectus.\r\nPraesent ut lacinia sem. Mauris a lectus eget felis mollis feugiat. Quisque\r\nefficitur, mi ut semper pulvinar, urna urna blandit massa, eget tincidunt augue\r\nnulla vitae est.\r\n\r\nUt posuere aliquet tincidunt. Aliquam erat volutpat. **Class aptent taciti**\r\nsociosqu ad litora torquent per conubia nostra, per inceptos himenaeos. Morbi\r\narcu orci, gravida eget aliquam eu, suscipit et ante. Morbi vulputate metus vel\r\nipsum finibus, ut dapibus massa feugiat. Vestibulum vel lobortis libero. Sed\r\ntincidunt tellus et viverra scelerisque. Pellentesque tincidunt cursus felis.\r\nSed in egestas erat.\r\n\r\nAliquam pulvinar interdum massa, vel ullamcorper ante consectetur eu. Vestibulum\r\nlacinia ac enim vel placerat. Integer pulvinar magna nec dui malesuada, nec\r\ncongue nisl dictum. Donec mollis nisl tortor, at congue erat consequat a. Nam\r\ntempus elit porta, blandit elit vel, viverra lorem. Sed sit amet tellus\r\ntincidunt, faucibus nisl in, aliquet libero.','\r',char(13)),'\n',char(10)),'2025-01-31 10:19:25');
INSERT INTO symfony_demo_post VALUES(56,6,'Sunt seculaes transferre talis camerarius fluctuies','sunt-seculaes-transferre-talis-camerarius-fluctuies','Sunt seculaes transferre talis camerarius fluctuies. Ubi est barbatus nix. Mineralis persuadere omnes finises desiderium. Morbi tempus commodo mattis. Sunt accentores vitare salvus flavum parses. Ubi est audax amicitia.',replace(replace('Lorem ipsum dolor sit amet consectetur adipisicing elit, sed do eiusmod tempor\r\nincididunt ut labore et **dolore magna aliqua**: Duis aute irure dolor in\r\nreprehenderit in voluptate velit esse cillum dolore eu fugiat nulla pariatur.\r\nExcepteur sint occaecat cupidatat non proident, sunt in culpa qui officia\r\ndeserunt mollit anim id est laborum.\r\n\r\n  * Ut enim ad minim veniam\r\n  * Quis nostrud exercitation *ullamco laboris*\r\n  * Nisi ut aliquip ex ea commodo consequat\r\n\r\nPraesent id fermentum lorem. Ut est lorem, fringilla at accumsan nec, euismod at\r\nnunc. Aenean mattis sollicitudin mattis. Nullam pulvinar vestibulum bibendum.\r\nClass aptent taciti sociosqu ad litora torquent per conubia nostra, per inceptos\r\nhimenaeos. Fusce nulla purus, gravida ac interdum ut, blandit eget ex. Duis a\r\nluctus dolor.\r\n\r\nInteger auctor massa maximus nulla scelerisque accumsan. *Aliquam ac malesuada*\r\nex. Pellentesque tortor magna, vulputate eu vulputate ut, venenatis ac lectus.\r\nPraesent ut lacinia sem. Mauris a lectus eget felis mollis feugiat. Quisque\r\nefficitur, mi ut semper pulvinar, urna urna blandit massa, eget tincidunt augue\r\nnulla vitae est.\r\n\r\nUt posuere aliquet tincidunt. Aliquam erat volutpat. **Class aptent taciti**\r\nsociosqu ad litora torquent per conubia nostra, per inceptos himenaeos. Morbi\r\narcu orci, gravida eget aliquam eu, suscipit et ante. Morbi vulputate metus vel\r\nipsum finibus, ut dapibus massa feugiat. Vestibulum vel lobortis libero. Sed\r\ntincidunt tellus et viverra scelerisque. Pellentesque tincidunt cursus felis.\r\nSed in egestas erat.\r\n\r\nAliquam pulvinar interdum massa, vel ullamcorper ante consectetur eu. Vestibulum\r\nlacinia ac enim vel placerat. Integer pulvinar magna nec dui malesuada, nec\r\ncongue nisl dictum. Donec mollis nisl tortor, at congue erat consequat a. Nam\r\ntempus elit porta, blandit elit vel, viverra lorem. Sed sit amet tellus\r\ntincidunt, faucibus nisl in, aliquet libero.','\r',char(13)),'\n',char(10)),'2025-01-30 10:08:05');
INSERT INTO symfony_demo_post VALUES(57,6,'Era brevis ratione est','era-brevis-ratione-est','Sunt accentores vitare salvus flavum parses. Era brevis ratione est. Pellentesque et sapien pulvinar consectetur. Mineralis persuadere omnes finises desiderium. Ut eleifend mauris et risus ultrices egestas. Mauris dapibus risus quis suscipit vulputate.',replace(replace('Lorem ipsum dolor sit amet consectetur adipisicing elit, sed do eiusmod tempor\r\nincididunt ut labore et **dolore magna aliqua**: Duis aute irure dolor in\r\nreprehenderit in voluptate velit esse cillum dolore eu fugiat nulla pariatur.\r\nExcepteur sint occaecat cupidatat non proident, sunt in culpa qui officia\r\ndeserunt mollit anim id est laborum.\r\n\r\n  * Ut enim ad minim veniam\r\n  * Quis nostrud exercitation *ullamco laboris*\r\n  * Nisi ut aliquip ex ea commodo consequat\r\n\r\nPraesent id fermentum lorem. Ut est lorem, fringilla at accumsan nec, euismod at\r\nnunc. Aenean mattis sollicitudin mattis. Nullam pulvinar vestibulum bibendum.\r\nClass aptent taciti sociosqu ad litora torquent per conubia nostra, per inceptos\r\nhimenaeos. Fusce nulla purus, gravida ac interdum ut, blandit eget ex. Duis a\r\nluctus dolor.\r\n\r\nInteger auctor massa maximus nulla scelerisque accumsan. *Aliquam ac malesuada*\r\nex. Pellentesque tortor magna, vulputate eu vulputate ut, venenatis ac lectus.\r\nPraesent ut lacinia sem. Mauris a lectus eget felis mollis feugiat. Quisque\r\nefficitur, mi ut semper pulvinar, urna urna blandit massa, eget tincidunt augue\r\nnulla vitae est.\r\n\r\nUt posuere aliquet tincidunt. Aliquam erat volutpat. **Class aptent taciti**\r\nsociosqu ad litora torquent per conubia nostra, per inceptos himenaeos. Morbi\r\narcu orci, gravida eget aliquam eu, suscipit et ante. Morbi vulputate metus vel\r\nipsum finibus, ut dapibus massa feugiat. Vestibulum vel lobortis libero. Sed\r\ntincidunt tellus et viverra scelerisque. Pellentesque tincidunt cursus felis.\r\nSed in egestas erat.\r\n\r\nAliquam pulvinar interdum massa, vel ullamcorper ante consectetur eu. Vestibulum\r\nlacinia ac enim vel placerat. Integer pulvinar magna nec dui malesuada, nec\r\ncongue nisl dictum. Donec mollis nisl tortor, at congue erat consequat a. Nam\r\ntempus elit porta, blandit elit vel, viverra lorem. Sed sit amet tellus\r\ntincidunt, faucibus nisl in, aliquet libero.','\r',char(13)),'\n',char(10)),'2025-01-29 16:38:36');
INSERT INTO symfony_demo_post VALUES(58,6,'Sunt torquises imitari velox mirabilis medicinaes','sunt-torquises-imitari-velox-mirabilis-medicinaes','Silva de secundus galatae demitto quadra. Era brevis ratione est. Sed varius a risus eget aliquam. Teres talis saepe tractare de camerarius flavum sensorem. Morbi tempus commodo mattis. Eposs sunt solems de superbus fortis.',replace(replace('Lorem ipsum dolor sit amet consectetur adipisicing elit, sed do eiusmod tempor\r\nincididunt ut labore et **dolore magna aliqua**: Duis aute irure dolor in\r\nreprehenderit in voluptate velit esse cillum dolore eu fugiat nulla pariatur.\r\nExcepteur sint occaecat cupidatat non proident, sunt in culpa qui officia\r\ndeserunt mollit anim id est laborum.\r\n\r\n  * Ut enim ad minim veniam\r\n  * Quis nostrud exercitation *ullamco laboris*\r\n  * Nisi ut aliquip ex ea commodo consequat\r\n\r\nPraesent id fermentum lorem. Ut est lorem, fringilla at accumsan nec, euismod at\r\nnunc. Aenean mattis sollicitudin mattis. Nullam pulvinar vestibulum bibendum.\r\nClass aptent taciti sociosqu ad litora torquent per conubia nostra, per inceptos\r\nhimenaeos. Fusce nulla purus, gravida ac interdum ut, blandit eget ex. Duis a\r\nluctus dolor.\r\n\r\nInteger auctor massa maximus nulla scelerisque accumsan. *Aliquam ac malesuada*\r\nex. Pellentesque tortor magna, vulputate eu vulputate ut, venenatis ac lectus.\r\nPraesent ut lacinia sem. Mauris a lectus eget felis mollis feugiat. Quisque\r\nefficitur, mi ut semper pulvinar, urna urna blandit massa, eget tincidunt augue\r\nnulla vitae est.\r\n\r\nUt posuere aliquet tincidunt. Aliquam erat volutpat. **Class aptent taciti**\r\nsociosqu ad litora torquent per conubia nostra, per inceptos himenaeos. Morbi\r\narcu orci, gravida eget aliquam eu, suscipit et ante. Morbi vulputate metus vel\r\nipsum finibus, ut dapibus massa feugiat. Vestibulum vel lobortis libero. Sed\r\ntincidunt tellus et viverra scelerisque. Pellentesque tincidunt cursus felis.\r\nSed in egestas erat.\r\n\r\nAliquam pulvinar interdum massa, vel ullamcorper ante consectetur eu. Vestibulum\r\nlacinia ac enim vel placerat. Integer pulvinar magna nec dui malesuada, nec\r\ncongue nisl dictum. Donec mollis nisl tortor, at congue erat consequat a. Nam\r\ntempus elit porta, blandit elit vel, viverra lorem. Sed sit amet tellus\r\ntincidunt, faucibus nisl in, aliquet libero.','\r',char(13)),'\n',char(10)),'2025-01-28 11:21:57');
INSERT INTO symfony_demo_post VALUES(59,5,'Mineralis persuadere omnes finises desiderium','mineralis-persuadere-omnes-finises-desiderium','Pellentesque vitae velit ex. Eposs sunt solems de superbus fortis. Ubi est barbatus nix. Vae humani generis. Silva de secundus galatae demitto quadra. Era brevis ratione est. Abnobas sunt hilotaes de placidus vita.',replace(replace('Lorem ipsum dolor sit amet consectetur adipisicing elit, sed do eiusmod tempor\r\nincididunt ut labore et **dolore magna aliqua**: Duis aute irure dolor in\r\nreprehenderit in voluptate velit esse cillum dolore eu fugiat nulla pariatur.\r\nExcepteur sint occaecat cupidatat non proident, sunt in culpa qui officia\r\ndeserunt mollit anim id est laborum.\r\n\r\n  * Ut enim ad minim veniam\r\n  * Quis nostrud exercitation *ullamco laboris*\r\n  * Nisi ut aliquip ex ea commodo consequat\r\n\r\nPraesent id fermentum lorem. Ut est lorem, fringilla at accumsan nec, euismod at\r\nnunc. Aenean mattis sollicitudin mattis. Nullam pulvinar vestibulum bibendum.\r\nClass aptent taciti sociosqu ad litora torquent per conubia nostra, per inceptos\r\nhimenaeos. Fusce nulla purus, gravida ac interdum ut, blandit eget ex. Duis a\r\nluctus dolor.\r\n\r\nInteger auctor massa maximus nulla scelerisque accumsan. *Aliquam ac malesuada*\r\nex. Pellentesque tortor magna, vulputate eu vulputate ut, venenatis ac lectus.\r\nPraesent ut lacinia sem. Mauris a lectus eget felis mollis feugiat. Quisque\r\nefficitur, mi ut semper pulvinar, urna urna blandit massa, eget tincidunt augue\r\nnulla vitae est.\r\n\r\nUt posuere aliquet tincidunt. Aliquam erat volutpat. **Class aptent taciti**\r\nsociosqu ad litora torquent per conubia nostra, per inceptos himenaeos. Morbi\r\narcu orci, gravida eget aliquam eu, suscipit et ante. Morbi vulputate metus vel\r\nipsum finibus, ut dapibus massa feugiat. Vestibulum vel lobortis libero. Sed\r\ntincidunt tellus et viverra scelerisque. Pellentesque tincidunt cursus felis.\r\nSed in egestas erat.\r\n\r\nAliquam pulvinar interdum massa, vel ullamcorper ante consectetur eu. Vestibulum\r\nlacinia ac enim vel placerat. Integer pulvinar magna nec dui malesuada, nec\r\ncongue nisl dictum. Donec mollis nisl tortor, at congue erat consequat a. Nam\r\ntempus elit porta, blandit elit vel, viverra lorem. Sed sit amet tellus\r\ntincidunt, faucibus nisl in, aliquet libero.','\r',char(13)),'\n',char(10)),'2025-01-27 14:33:01');
INSERT INTO symfony_demo_post VALUES(60,6,'Bassus fatalis classiss virtualiter transferre de flavum','bassus-fatalis-classiss-virtualiter-transferre-de-flavum','Mineralis persuadere omnes finises desiderium. Sunt torquises imitari velox mirabilis medicinaes. Diatrias tolerare tanquam noster caesium. In hac habitasse platea dictumst. Ubi est audax amicitia. Silva de secundus galatae demitto quadra.',replace(replace('Lorem ipsum dolor sit amet consectetur adipisicing elit, sed do eiusmod tempor\r\nincididunt ut labore et **dolore magna aliqua**: Duis aute irure dolor in\r\nreprehenderit in voluptate velit esse cillum dolore eu fugiat nulla pariatur.\r\nExcepteur sint occaecat cupidatat non proident, sunt in culpa qui officia\r\ndeserunt mollit anim id est laborum.\r\n\r\n  * Ut enim ad minim veniam\r\n  * Quis nostrud exercitation *ullamco laboris*\r\n  * Nisi ut aliquip ex ea commodo consequat\r\n\r\nPraesent id fermentum lorem. Ut est lorem, fringilla at accumsan nec, euismod at\r\nnunc. Aenean mattis sollicitudin mattis. Nullam pulvinar vestibulum bibendum.\r\nClass aptent taciti sociosqu ad litora torquent per conubia nostra, per inceptos\r\nhimenaeos. Fusce nulla purus, gravida ac interdum ut, blandit eget ex. Duis a\r\nluctus dolor.\r\n\r\nInteger auctor massa maximus nulla scelerisque accumsan. *Aliquam ac malesuada*\r\nex. Pellentesque tortor magna, vulputate eu vulputate ut, venenatis ac lectus.\r\nPraesent ut lacinia sem. Mauris a lectus eget felis mollis feugiat. Quisque\r\nefficitur, mi ut semper pulvinar, urna urna blandit massa, eget tincidunt augue\r\nnulla vitae est.\r\n\r\nUt posuere aliquet tincidunt. Aliquam erat volutpat. **Class aptent taciti**\r\nsociosqu ad litora torquent per conubia nostra, per inceptos himenaeos. Morbi\r\narcu orci, gravida eget aliquam eu, suscipit et ante. Morbi vulputate metus vel\r\nipsum finibus, ut dapibus massa feugiat. Vestibulum vel lobortis libero. Sed\r\ntincidunt tellus et viverra scelerisque. Pellentesque tincidunt cursus felis.\r\nSed in egestas erat.\r\n\r\nAliquam pulvinar interdum massa, vel ullamcorper ante consectetur eu. Vestibulum\r\nlacinia ac enim vel placerat. Integer pulvinar magna nec dui malesuada, nec\r\ncongue nisl dictum. Donec mollis nisl tortor, at congue erat consequat a. Nam\r\ntempus elit porta, blandit elit vel, viverra lorem. Sed sit amet tellus\r\ntincidunt, faucibus nisl in, aliquet libero.','\r',char(13)),'\n',char(10)),'2025-01-26 16:34:08');






CREATE TABLE IF NOT EXISTS symfony_demo_post_tag (post_id INTEGER NOT NULL, tag_id INTEGER NOT NULL, PRIMARY KEY(post_id, tag_id), CONSTRAINT FK_6ABC1CC44B89032C FOREIGN KEY (post_id) REFERENCES symfony_demo_post (id) ON DELETE CASCADE, CONSTRAINT FK_6ABC1CC4BAD26311 FOREIGN KEY (tag_id) REFERENCES symfony_demo_tag (id) ON DELETE CASCADE);
INSERT INTO symfony_demo_post_tag VALUES(31,17);
INSERT INTO symfony_demo_post_tag VALUES(31,11);
INSERT INTO symfony_demo_post_tag VALUES(32,10);
INSERT INTO symfony_demo_post_tag VALUES(32,13);
INSERT INTO symfony_demo_post_tag VALUES(32,12);
INSERT INTO symfony_demo_post_tag VALUES(33,14);
INSERT INTO symfony_demo_post_tag VALUES(33,13);
INSERT INTO symfony_demo_post_tag VALUES(33,18);
INSERT INTO symfony_demo_post_tag VALUES(33,15);
INSERT INTO symfony_demo_post_tag VALUES(34,13);
INSERT INTO symfony_demo_post_tag VALUES(34,18);
INSERT INTO symfony_demo_post_tag VALUES(34,12);
INSERT INTO symfony_demo_post_tag VALUES(35,14);
INSERT INTO symfony_demo_post_tag VALUES(35,13);
INSERT INTO symfony_demo_post_tag VALUES(36,17);
INSERT INTO symfony_demo_post_tag VALUES(36,13);
INSERT INTO symfony_demo_post_tag VALUES(37,13);
INSERT INTO symfony_demo_post_tag VALUES(37,16);
INSERT INTO symfony_demo_post_tag VALUES(37,14);
INSERT INTO symfony_demo_post_tag VALUES(37,10);
INSERT INTO symfony_demo_post_tag VALUES(38,11);
INSERT INTO symfony_demo_post_tag VALUES(38,12);
INSERT INTO symfony_demo_post_tag VALUES(38,15);
INSERT INTO symfony_demo_post_tag VALUES(38,16);
INSERT INTO symfony_demo_post_tag VALUES(39,17);
INSERT INTO symfony_demo_post_tag VALUES(39,11);
INSERT INTO symfony_demo_post_tag VALUES(39,15);
INSERT INTO symfony_demo_post_tag VALUES(39,18);
INSERT INTO symfony_demo_post_tag VALUES(40,15);
INSERT INTO symfony_demo_post_tag VALUES(40,16);
INSERT INTO symfony_demo_post_tag VALUES(40,14);
INSERT INTO symfony_demo_post_tag VALUES(40,17);
INSERT INTO symfony_demo_post_tag VALUES(41,12);
INSERT INTO symfony_demo_post_tag VALUES(41,18);
INSERT INTO symfony_demo_post_tag VALUES(41,11);
INSERT INTO symfony_demo_post_tag VALUES(42,18);
INSERT INTO symfony_demo_post_tag VALUES(42,15);
INSERT INTO symfony_demo_post_tag VALUES(42,16);
INSERT INTO symfony_demo_post_tag VALUES(43,16);
INSERT INTO symfony_demo_post_tag VALUES(43,18);
INSERT INTO symfony_demo_post_tag VALUES(43,11);
INSERT INTO symfony_demo_post_tag VALUES(43,17);
INSERT INTO symfony_demo_post_tag VALUES(44,12);
INSERT INTO symfony_demo_post_tag VALUES(44,14);
INSERT INTO symfony_demo_post_tag VALUES(44,10);
INSERT INTO symfony_demo_post_tag VALUES(45,11);
INSERT INTO symfony_demo_post_tag VALUES(45,16);
INSERT INTO symfony_demo_post_tag VALUES(45,14);
INSERT INTO symfony_demo_post_tag VALUES(46,11);
INSERT INTO symfony_demo_post_tag VALUES(46,17);
INSERT INTO symfony_demo_post_tag VALUES(46,10);
INSERT INTO symfony_demo_post_tag VALUES(46,12);
INSERT INTO symfony_demo_post_tag VALUES(47,15);
INSERT INTO symfony_demo_post_tag VALUES(47,11);
INSERT INTO symfony_demo_post_tag VALUES(48,18);
INSERT INTO symfony_demo_post_tag VALUES(48,14);
INSERT INTO symfony_demo_post_tag VALUES(49,18);
INSERT INTO symfony_demo_post_tag VALUES(49,12);
INSERT INTO symfony_demo_post_tag VALUES(49,15);
INSERT INTO symfony_demo_post_tag VALUES(49,17);
INSERT INTO symfony_demo_post_tag VALUES(50,17);
INSERT INTO symfony_demo_post_tag VALUES(50,15);
INSERT INTO symfony_demo_post_tag VALUES(50,18);
INSERT INTO symfony_demo_post_tag VALUES(51,16);
INSERT INTO symfony_demo_post_tag VALUES(51,17);
INSERT INTO symfony_demo_post_tag VALUES(52,17);
INSERT INTO symfony_demo_post_tag VALUES(52,15);
INSERT INTO symfony_demo_post_tag VALUES(53,14);
INSERT INTO symfony_demo_post_tag VALUES(53,17);
INSERT INTO symfony_demo_post_tag VALUES(53,13);
INSERT INTO symfony_demo_post_tag VALUES(53,15);
INSERT INTO symfony_demo_post_tag VALUES(54,13);
INSERT INTO symfony_demo_post_tag VALUES(54,18);
INSERT INTO symfony_demo_post_tag VALUES(55,16);
INSERT INTO symfony_demo_post_tag VALUES(55,17);
INSERT INTO symfony_demo_post_tag VALUES(55,18);
INSERT INTO symfony_demo_post_tag VALUES(56,16);
INSERT INTO symfony_demo_post_tag VALUES(56,15);
INSERT INTO symfony_demo_post_tag VALUES(56,10);
INSERT INTO symfony_demo_post_tag VALUES(57,12);
INSERT INTO symfony_demo_post_tag VALUES(57,10);
INSERT INTO symfony_demo_post_tag VALUES(58,16);
INSERT INTO symfony_demo_post_tag VALUES(58,12);
INSERT INTO symfony_demo_post_tag VALUES(58,15);
INSERT INTO symfony_demo_post_tag VALUES(58,10);
INSERT INTO symfony_demo_post_tag VALUES(59,17);
INSERT INTO symfony_demo_post_tag VALUES(59,18);
INSERT INTO symfony_demo_post_tag VALUES(59,13);
INSERT INTO symfony_demo_post_tag VALUES(60,12);
INSERT INTO symfony_demo_post_tag VALUES(60,16);
INSERT INTO symfony_demo_post_tag VALUES(60,13);



CREATE TABLE IF NOT EXISTS symfony_demo_comment (id INTEGER PRIMARY KEY AUTO_INCREMENT NOT NULL, post_id INTEGER NOT NULL, author_id INTEGER NOT NULL, content TEXT NOT NULL, published_at DATETIME NOT NULL, CONSTRAINT FK_53AD8F834B89032C FOREIGN KEY (post_id) REFERENCES symfony_demo_post (id), CONSTRAINT FK_53AD8F83F675F31B FOREIGN KEY (author_id) REFERENCES symfony_demo_user (id));
INSERT INTO symfony_demo_comment VALUES(151,31,7,'Sunt seculaes transferre talis camerarius fluctuies. Urna nisl sollicitudin id varius orci quam id turpis. Vae humani generis. Abnobas sunt hilotaes de placidus vita. Aliquam sodales odio id eleifend tristique. Teres talis saepe tractare de camerarius flavum sensorem. Pellentesque vitae velit ex. Nulla porta lobortis ligula vel egestas. Era brevis ratione est. In hac habitasse platea dictumst. Silva de secundus galatae demitto quadra.','2025-02-24 13:54:34');
INSERT INTO symfony_demo_comment VALUES(152,31,7,'Aliquam sodales odio id eleifend tristique. Ut eleifend mauris et risus ultrices egestas. Ubi est audax amicitia. Ubi est barbatus nix. In hac habitasse platea dictumst. Mauris dapibus risus quis suscipit vulputate. Abnobas sunt hilotaes de placidus vita. Sunt accentores vitare salvus flavum parses. Ut suscipit posuere justo at vulputate. Eros diam egestas libero eu vulputate risus. Vae humani generis.','2025-02-24 13:54:35');
INSERT INTO symfony_demo_comment VALUES(153,31,7,'Eros diam egestas libero eu vulputate risus. Sunt torquises imitari velox mirabilis medicinaes. Sed varius a risus eget aliquam. In hac habitasse platea dictumst. Abnobas sunt hilotaes de placidus vita. Bassus fatalis classiss virtualiter transferre de flavum. Lorem ipsum dolor sit amet consectetur adipiscing elit. Mineralis persuadere omnes finises desiderium. Ubi est barbatus nix. Morbi tempus commodo mattis. Nulla porta lobortis ligula vel egestas.','2025-02-24 13:54:36');
INSERT INTO symfony_demo_comment VALUES(154,31,7,'Pellentesque vitae velit ex. Sunt torquises imitari velox mirabilis medicinaes. Era brevis ratione est. Silva de secundus galatae demitto quadra. Morbi tempus commodo mattis. Mineralis persuadere omnes finises desiderium. Eros diam egestas libero eu vulputate risus. Sunt seculaes transferre talis camerarius fluctuies. Curabitur aliquam euismod dolor non ornare. Urna nisl sollicitudin id varius orci quam id turpis. Vae humani generis. In hac habitasse platea dictumst.','2025-02-24 13:54:37');
INSERT INTO symfony_demo_comment VALUES(155,31,7,'Ut suscipit posuere justo at vulputate. Nunc viverra elit ac laoreet suscipit. Eposs sunt solems de superbus fortis. Ut eleifend mauris et risus ultrices egestas. Ubi est audax amicitia. Nulla porta lobortis ligula vel egestas. Aliquam sodales odio id eleifend tristique. Mauris dapibus risus quis suscipit vulputate. Bassus fatalis classiss virtualiter transferre de flavum.','2025-02-24 13:54:38');
INSERT INTO symfony_demo_comment VALUES(156,32,7,'Eposs sunt solems de superbus fortis. Bassus fatalis classiss virtualiter transferre de flavum. Pellentesque et sapien pulvinar consectetur. Lorem ipsum dolor sit amet consectetur adipiscing elit. Nunc viverra elit ac laoreet suscipit. Urna nisl sollicitudin id varius orci quam id turpis.','2025-02-24 13:54:34');
INSERT INTO symfony_demo_comment VALUES(157,32,7,'Ubi est audax amicitia. Sunt accentores vitare salvus flavum parses. Ut suscipit posuere justo at vulputate. Aliquam sodales odio id eleifend tristique. Vae humani generis. Ubi est barbatus nix. Sunt seculaes transferre talis camerarius fluctuies. Lorem ipsum dolor sit amet consectetur adipiscing elit. Sed varius a risus eget aliquam. Teres talis saepe tractare de camerarius flavum sensorem.','2025-02-24 13:54:35');
INSERT INTO symfony_demo_comment VALUES(158,32,7,'Urna nisl sollicitudin id varius orci quam id turpis. Mineralis persuadere omnes finises desiderium. Teres talis saepe tractare de camerarius flavum sensorem. Potus sensim ad ferox abnoba. Ut eleifend mauris et risus ultrices egestas. Abnobas sunt hilotaes de placidus vita. Curabitur aliquam euismod dolor non ornare. Pellentesque vitae velit ex.','2025-02-24 13:54:36');
INSERT INTO symfony_demo_comment VALUES(159,32,7,'Ubi est barbatus nix. Bassus fatalis classiss virtualiter transferre de flavum. Urna nisl sollicitudin id varius orci quam id turpis. Sunt seculaes transferre talis camerarius fluctuies. Era brevis ratione est. Sunt accentores vitare salvus flavum parses. Pellentesque vitae velit ex.','2025-02-24 13:54:37');
INSERT INTO symfony_demo_comment VALUES(160,32,7,'Teres talis saepe tractare de camerarius flavum sensorem. Ubi est barbatus nix. Diatrias tolerare tanquam noster caesium. Nulla porta lobortis ligula vel egestas. Curabitur aliquam euismod dolor non ornare. Aliquam sodales odio id eleifend tristique. Eposs sunt solems de superbus fortis. Morbi tempus commodo mattis. Sunt seculaes transferre talis camerarius fluctuies. Mauris dapibus risus quis suscipit vulputate. Abnobas sunt hilotaes de placidus vita. Ubi est audax amicitia.','2025-02-24 13:54:38');
INSERT INTO symfony_demo_comment VALUES(161,33,7,'In hac habitasse platea dictumst. Ubi est audax amicitia. Mineralis persuadere omnes finises desiderium. Sunt accentores vitare salvus flavum parses. Lorem ipsum dolor sit amet consectetur adipiscing elit. Pellentesque vitae velit ex. Urna nisl sollicitudin id varius orci quam id turpis. Diatrias tolerare tanquam noster caesium. Pellentesque et sapien pulvinar consectetur. Morbi tempus commodo mattis.','2025-02-24 13:54:34');
INSERT INTO symfony_demo_comment VALUES(162,33,7,'Sunt accentores vitare salvus flavum parses. Diatrias tolerare tanquam noster caesium. Nulla porta lobortis ligula vel egestas. Teres talis saepe tractare de camerarius flavum sensorem. Potus sensim ad ferox abnoba. Silva de secundus galatae demitto quadra. Era brevis ratione est.','2025-02-24 13:54:35');
INSERT INTO symfony_demo_comment VALUES(163,33,7,'Potus sensim ad ferox abnoba. Teres talis saepe tractare de camerarius flavum sensorem. In hac habitasse platea dictumst. Nulla porta lobortis ligula vel egestas. Lorem ipsum dolor sit amet consectetur adipiscing elit. Vae humani generis. Ut eleifend mauris et risus ultrices egestas.','2025-02-24 13:54:36');
INSERT INTO symfony_demo_comment VALUES(164,33,7,'Curabitur aliquam euismod dolor non ornare. Urna nisl sollicitudin id varius orci quam id turpis. Ut eleifend mauris et risus ultrices egestas. Nulla porta lobortis ligula vel egestas. Morbi tempus commodo mattis. Ubi est barbatus nix. Abnobas sunt hilotaes de placidus vita. Pellentesque vitae velit ex. Sunt torquises imitari velox mirabilis medicinaes. Sed varius a risus eget aliquam. Silva de secundus galatae demitto quadra. Nunc viverra elit ac laoreet suscipit.','2025-02-24 13:54:37');
INSERT INTO symfony_demo_comment VALUES(165,33,7,'Curabitur aliquam euismod dolor non ornare. Pellentesque et sapien pulvinar consectetur. Abnobas sunt hilotaes de placidus vita. Era brevis ratione est. Ut eleifend mauris et risus ultrices egestas. In hac habitasse platea dictumst. Sed varius a risus eget aliquam. Bassus fatalis classiss virtualiter transferre de flavum. Pellentesque vitae velit ex. Urna nisl sollicitudin id varius orci quam id turpis. Teres talis saepe tractare de camerarius flavum sensorem.','2025-02-24 13:54:38');
INSERT INTO symfony_demo_comment VALUES(166,34,7,'Teres talis saepe tractare de camerarius flavum sensorem. Mineralis persuadere omnes finises desiderium. Abnobas sunt hilotaes de placidus vita. Vae humani generis. Pellentesque vitae velit ex. Sed varius a risus eget aliquam. Urna nisl sollicitudin id varius orci quam id turpis.','2025-02-24 13:54:34');
INSERT INTO symfony_demo_comment VALUES(167,34,7,'Sed varius a risus eget aliquam. Urna nisl sollicitudin id varius orci quam id turpis. Pellentesque et sapien pulvinar consectetur. Eposs sunt solems de superbus fortis. Potus sensim ad ferox abnoba. Nulla porta lobortis ligula vel egestas. Eros diam egestas libero eu vulputate risus. Aliquam sodales odio id eleifend tristique. Morbi tempus commodo mattis. Nunc viverra elit ac laoreet suscipit. Teres talis saepe tractare de camerarius flavum sensorem. Era brevis ratione est.','2025-02-24 13:54:35');
INSERT INTO symfony_demo_comment VALUES(168,34,7,'Eros diam egestas libero eu vulputate risus. Nulla porta lobortis ligula vel egestas. Morbi tempus commodo mattis. Vae humani generis. Curabitur aliquam euismod dolor non ornare. Mauris dapibus risus quis suscipit vulputate. Pellentesque et sapien pulvinar consectetur. Eposs sunt solems de superbus fortis.','2025-02-24 13:54:36');
INSERT INTO symfony_demo_comment VALUES(169,34,7,'Ut suscipit posuere justo at vulputate. Eposs sunt solems de superbus fortis. Pellentesque vitae velit ex. Silva de secundus galatae demitto quadra. Teres talis saepe tractare de camerarius flavum sensorem. Lorem ipsum dolor sit amet consectetur adipiscing elit.','2025-02-24 13:54:37');
INSERT INTO symfony_demo_comment VALUES(170,34,7,'Mauris dapibus risus quis suscipit vulputate. Curabitur aliquam euismod dolor non ornare. Silva de secundus galatae demitto quadra. Nulla porta lobortis ligula vel egestas. Sunt torquises imitari velox mirabilis medicinaes. Diatrias tolerare tanquam noster caesium. Potus sensim ad ferox abnoba. Ut eleifend mauris et risus ultrices egestas. Era brevis ratione est. In hac habitasse platea dictumst. Nunc viverra elit ac laoreet suscipit.','2025-02-24 13:54:38');
INSERT INTO symfony_demo_comment VALUES(171,35,7,'Era brevis ratione est. Morbi tempus commodo mattis. Lorem ipsum dolor sit amet consectetur adipiscing elit. Sunt torquises imitari velox mirabilis medicinaes. Sed varius a risus eget aliquam. Mauris dapibus risus quis suscipit vulputate. Sunt seculaes transferre talis camerarius fluctuies. Eposs sunt solems de superbus fortis.','2025-02-24 13:54:34');
INSERT INTO symfony_demo_comment VALUES(172,35,7,'Pellentesque vitae velit ex. Nulla porta lobortis ligula vel egestas. Mauris dapibus risus quis suscipit vulputate. Morbi tempus commodo mattis. Eros diam egestas libero eu vulputate risus. Aliquam sodales odio id eleifend tristique. Sunt accentores vitare salvus flavum parses. Curabitur aliquam euismod dolor non ornare. Sunt torquises imitari velox mirabilis medicinaes. Diatrias tolerare tanquam noster caesium. Sed varius a risus eget aliquam. Pellentesque et sapien pulvinar consectetur.','2025-02-24 13:54:35');
INSERT INTO symfony_demo_comment VALUES(173,35,7,'Silva de secundus galatae demitto quadra. Lorem ipsum dolor sit amet consectetur adipiscing elit. Nulla porta lobortis ligula vel egestas. Bassus fatalis classiss virtualiter transferre de flavum. Sed varius a risus eget aliquam. Mineralis persuadere omnes finises desiderium. Aliquam sodales odio id eleifend tristique. In hac habitasse platea dictumst. Ubi est audax amicitia. Pellentesque et sapien pulvinar consectetur.','2025-02-24 13:54:36');
INSERT INTO symfony_demo_comment VALUES(174,35,7,'Bassus fatalis classiss virtualiter transferre de flavum. In hac habitasse platea dictumst. Potus sensim ad ferox abnoba. Nunc viverra elit ac laoreet suscipit. Diatrias tolerare tanquam noster caesium. Teres talis saepe tractare de camerarius flavum sensorem. Pellentesque vitae velit ex. Pellentesque et sapien pulvinar consectetur. Curabitur aliquam euismod dolor non ornare.','2025-02-24 13:54:37');
INSERT INTO symfony_demo_comment VALUES(175,35,7,'Vae humani generis. Nunc viverra elit ac laoreet suscipit. Ubi est barbatus nix. Morbi tempus commodo mattis. Curabitur aliquam euismod dolor non ornare. Urna nisl sollicitudin id varius orci quam id turpis. Eros diam egestas libero eu vulputate risus. Sunt seculaes transferre talis camerarius fluctuies. Pellentesque vitae velit ex. Potus sensim ad ferox abnoba. Nulla porta lobortis ligula vel egestas. Eposs sunt solems de superbus fortis.','2025-02-24 13:54:38');
INSERT INTO symfony_demo_comment VALUES(176,36,7,'Mauris dapibus risus quis suscipit vulputate. Nunc viverra elit ac laoreet suscipit. Vae humani generis. Curabitur aliquam euismod dolor non ornare. Sunt torquises imitari velox mirabilis medicinaes. In hac habitasse platea dictumst. Ut suscipit posuere justo at vulputate. Lorem ipsum dolor sit amet consectetur adipiscing elit. Ut eleifend mauris et risus ultrices egestas.','2025-02-24 13:54:34');
INSERT INTO symfony_demo_comment VALUES(177,36,7,'Potus sensim ad ferox abnoba. Diatrias tolerare tanquam noster caesium. Sunt seculaes transferre talis camerarius fluctuies. Sunt torquises imitari velox mirabilis medicinaes. Nunc viverra elit ac laoreet suscipit. Era brevis ratione est. Sed varius a risus eget aliquam. Eros diam egestas libero eu vulputate risus. Ubi est barbatus nix. Pellentesque et sapien pulvinar consectetur. Mineralis persuadere omnes finises desiderium. Silva de secundus galatae demitto quadra. Ubi est audax amicitia.','2025-02-24 13:54:35');
INSERT INTO symfony_demo_comment VALUES(178,36,7,'Morbi tempus commodo mattis. Nunc viverra elit ac laoreet suscipit. Eros diam egestas libero eu vulputate risus. Sunt torquises imitari velox mirabilis medicinaes. Teres talis saepe tractare de camerarius flavum sensorem. Ubi est audax amicitia. Vae humani generis. Abnobas sunt hilotaes de placidus vita. Mineralis persuadere omnes finises desiderium. In hac habitasse platea dictumst.','2025-02-24 13:54:36');
INSERT INTO symfony_demo_comment VALUES(179,36,7,'Era brevis ratione est. Mauris dapibus risus quis suscipit vulputate. Nulla porta lobortis ligula vel egestas. Sunt torquises imitari velox mirabilis medicinaes. Vae humani generis. Pellentesque et sapien pulvinar consectetur. Nunc viverra elit ac laoreet suscipit. Urna nisl sollicitudin id varius orci quam id turpis. Eposs sunt solems de superbus fortis.','2025-02-24 13:54:37');
INSERT INTO symfony_demo_comment VALUES(180,36,7,'Nunc viverra elit ac laoreet suscipit. Abnobas sunt hilotaes de placidus vita. Mauris dapibus risus quis suscipit vulputate. Ut eleifend mauris et risus ultrices egestas. Silva de secundus galatae demitto quadra. Sunt torquises imitari velox mirabilis medicinaes. Mineralis persuadere omnes finises desiderium. Urna nisl sollicitudin id varius orci quam id turpis. Eros diam egestas libero eu vulputate risus.','2025-02-24 13:54:38');
INSERT INTO symfony_demo_comment VALUES(181,37,7,'Ubi est audax amicitia. Urna nisl sollicitudin id varius orci quam id turpis. Ut suscipit posuere justo at vulputate. Curabitur aliquam euismod dolor non ornare. Nulla porta lobortis ligula vel egestas. Silva de secundus galatae demitto quadra. Teres talis saepe tractare de camerarius flavum sensorem. Ut eleifend mauris et risus ultrices egestas.','2025-02-24 13:54:34');
INSERT INTO symfony_demo_comment VALUES(182,37,7,'Sunt seculaes transferre talis camerarius fluctuies. Bassus fatalis classiss virtualiter transferre de flavum. In hac habitasse platea dictumst. Sed varius a risus eget aliquam. Era brevis ratione est. Lorem ipsum dolor sit amet consectetur adipiscing elit. Potus sensim ad ferox abnoba. Sunt accentores vitare salvus flavum parses. Eros diam egestas libero eu vulputate risus. Ut suscipit posuere justo at vulputate.','2025-02-24 13:54:35');
INSERT INTO symfony_demo_comment VALUES(183,37,7,'Sed varius a risus eget aliquam. Sunt accentores vitare salvus flavum parses. Eposs sunt solems de superbus fortis. Curabitur aliquam euismod dolor non ornare. Nunc viverra elit ac laoreet suscipit. Ubi est barbatus nix. Vae humani generis. Morbi tempus commodo mattis. Pellentesque et sapien pulvinar consectetur. Sunt torquises imitari velox mirabilis medicinaes.','2025-02-24 13:54:36');
INSERT INTO symfony_demo_comment VALUES(184,37,7,'Abnobas sunt hilotaes de placidus vita. Ubi est audax amicitia. Sunt accentores vitare salvus flavum parses. Eposs sunt solems de superbus fortis. Morbi tempus commodo mattis. Aliquam sodales odio id eleifend tristique. Vae humani generis. Bassus fatalis classiss virtualiter transferre de flavum. Sunt seculaes transferre talis camerarius fluctuies. Mineralis persuadere omnes finises desiderium. Era brevis ratione est.','2025-02-24 13:54:37');
INSERT INTO symfony_demo_comment VALUES(185,37,7,'Era brevis ratione est. Mineralis persuadere omnes finises desiderium. Sunt torquises imitari velox mirabilis medicinaes. Pellentesque et sapien pulvinar consectetur. Abnobas sunt hilotaes de placidus vita. Bassus fatalis classiss virtualiter transferre de flavum. Silva de secundus galatae demitto quadra. Mauris dapibus risus quis suscipit vulputate. Ut eleifend mauris et risus ultrices egestas. Pellentesque vitae velit ex.','2025-02-24 13:54:38');
INSERT INTO symfony_demo_comment VALUES(186,38,7,'Sunt torquises imitari velox mirabilis medicinaes. Ut suscipit posuere justo at vulputate. Aliquam sodales odio id eleifend tristique. Mineralis persuadere omnes finises desiderium. Ut eleifend mauris et risus ultrices egestas. In hac habitasse platea dictumst. Era brevis ratione est. Eros diam egestas libero eu vulputate risus. Sunt seculaes transferre talis camerarius fluctuies. Lorem ipsum dolor sit amet consectetur adipiscing elit.','2025-02-24 13:54:34');
INSERT INTO symfony_demo_comment VALUES(187,38,7,'Ut eleifend mauris et risus ultrices egestas. Era brevis ratione est. Diatrias tolerare tanquam noster caesium. Ubi est barbatus nix. Aliquam sodales odio id eleifend tristique. Nulla porta lobortis ligula vel egestas. Ut suscipit posuere justo at vulputate. Mineralis persuadere omnes finises desiderium. Eposs sunt solems de superbus fortis. Pellentesque vitae velit ex. Sed varius a risus eget aliquam. Vae humani generis. Abnobas sunt hilotaes de placidus vita.','2025-02-24 13:54:35');
INSERT INTO symfony_demo_comment VALUES(188,38,7,'Nulla porta lobortis ligula vel egestas. Eposs sunt solems de superbus fortis. Mauris dapibus risus quis suscipit vulputate. Pellentesque et sapien pulvinar consectetur. Eros diam egestas libero eu vulputate risus. Teres talis saepe tractare de camerarius flavum sensorem. Morbi tempus commodo mattis. Urna nisl sollicitudin id varius orci quam id turpis.','2025-02-24 13:54:36');
INSERT INTO symfony_demo_comment VALUES(189,38,7,'Teres talis saepe tractare de camerarius flavum sensorem. Sunt seculaes transferre talis camerarius fluctuies. Era brevis ratione est. Silva de secundus galatae demitto quadra. Mineralis persuadere omnes finises desiderium. Morbi tempus commodo mattis. Nunc viverra elit ac laoreet suscipit. Ubi est audax amicitia. Vae humani generis. Pellentesque vitae velit ex.','2025-02-24 13:54:37');
INSERT INTO symfony_demo_comment VALUES(190,38,7,'Sunt seculaes transferre talis camerarius fluctuies. Curabitur aliquam euismod dolor non ornare. Morbi tempus commodo mattis. Ubi est barbatus nix. Abnobas sunt hilotaes de placidus vita. Ubi est audax amicitia. Mauris dapibus risus quis suscipit vulputate. Sed varius a risus eget aliquam.','2025-02-24 13:54:38');
INSERT INTO symfony_demo_comment VALUES(191,39,7,'Curabitur aliquam euismod dolor non ornare. Eros diam egestas libero eu vulputate risus. Lorem ipsum dolor sit amet consectetur adipiscing elit. Sunt torquises imitari velox mirabilis medicinaes. Mineralis persuadere omnes finises desiderium. Ut eleifend mauris et risus ultrices egestas. Pellentesque vitae velit ex.','2025-02-24 13:54:34');
INSERT INTO symfony_demo_comment VALUES(192,39,7,'Abnobas sunt hilotaes de placidus vita. Sunt torquises imitari velox mirabilis medicinaes. Diatrias tolerare tanquam noster caesium. Nunc viverra elit ac laoreet suscipit. Bassus fatalis classiss virtualiter transferre de flavum. Sed varius a risus eget aliquam. Urna nisl sollicitudin id varius orci quam id turpis.','2025-02-24 13:54:35');
INSERT INTO symfony_demo_comment VALUES(193,39,7,'Silva de secundus galatae demitto quadra. Lorem ipsum dolor sit amet consectetur adipiscing elit. Pellentesque et sapien pulvinar consectetur. Ubi est audax amicitia. Eposs sunt solems de superbus fortis. Sunt seculaes transferre talis camerarius fluctuies.','2025-02-24 13:54:36');
INSERT INTO symfony_demo_comment VALUES(194,39,7,'Mineralis persuadere omnes finises desiderium. Curabitur aliquam euismod dolor non ornare. Nulla porta lobortis ligula vel egestas. Vae humani generis. Aliquam sodales odio id eleifend tristique. Ubi est audax amicitia. Morbi tempus commodo mattis. In hac habitasse platea dictumst. Sed varius a risus eget aliquam. Eposs sunt solems de superbus fortis.','2025-02-24 13:54:37');
INSERT INTO symfony_demo_comment VALUES(195,39,7,'Pellentesque et sapien pulvinar consectetur. Sunt seculaes transferre talis camerarius fluctuies. Lorem ipsum dolor sit amet consectetur adipiscing elit. Mineralis persuadere omnes finises desiderium. Vae humani generis. Era brevis ratione est. Silva de secundus galatae demitto quadra. Nulla porta lobortis ligula vel egestas. Potus sensim ad ferox abnoba. Teres talis saepe tractare de camerarius flavum sensorem. Eros diam egestas libero eu vulputate risus.','2025-02-24 13:54:38');
INSERT INTO symfony_demo_comment VALUES(196,40,7,'Diatrias tolerare tanquam noster caesium. Nulla porta lobortis ligula vel egestas. Ut suscipit posuere justo at vulputate. Ut eleifend mauris et risus ultrices egestas. Sunt torquises imitari velox mirabilis medicinaes. Nunc viverra elit ac laoreet suscipit. Lorem ipsum dolor sit amet consectetur adipiscing elit. In hac habitasse platea dictumst. Eposs sunt solems de superbus fortis. Silva de secundus galatae demitto quadra.','2025-02-24 13:54:34');
INSERT INTO symfony_demo_comment VALUES(197,40,7,'Bassus fatalis classiss virtualiter transferre de flavum. Morbi tempus commodo mattis. Diatrias tolerare tanquam noster caesium. Ubi est barbatus nix. Nulla porta lobortis ligula vel egestas. Curabitur aliquam euismod dolor non ornare.','2025-02-24 13:54:35');
INSERT INTO symfony_demo_comment VALUES(198,40,7,'Bassus fatalis classiss virtualiter transferre de flavum. In hac habitasse platea dictumst. Ubi est barbatus nix. Diatrias tolerare tanquam noster caesium. Ubi est audax amicitia. Mauris dapibus risus quis suscipit vulputate. Teres talis saepe tractare de camerarius flavum sensorem. Abnobas sunt hilotaes de placidus vita. Eposs sunt solems de superbus fortis.','2025-02-24 13:54:36');
INSERT INTO symfony_demo_comment VALUES(199,40,7,'Potus sensim ad ferox abnoba. Curabitur aliquam euismod dolor non ornare. Sunt seculaes transferre talis camerarius fluctuies. Silva de secundus galatae demitto quadra. Eposs sunt solems de superbus fortis. Pellentesque et sapien pulvinar consectetur.','2025-02-24 13:54:37');
INSERT INTO symfony_demo_comment VALUES(200,40,7,'Nunc viverra elit ac laoreet suscipit. Eros diam egestas libero eu vulputate risus. Potus sensim ad ferox abnoba. Sunt seculaes transferre talis camerarius fluctuies. Aliquam sodales odio id eleifend tristique. Pellentesque vitae velit ex.','2025-02-24 13:54:38');
INSERT INTO symfony_demo_comment VALUES(201,41,7,'Morbi tempus commodo mattis. Ut eleifend mauris et risus ultrices egestas. Urna nisl sollicitudin id varius orci quam id turpis. Mineralis persuadere omnes finises desiderium. Sed varius a risus eget aliquam. Bassus fatalis classiss virtualiter transferre de flavum.','2025-02-24 13:54:34');
INSERT INTO symfony_demo_comment VALUES(202,41,7,'Diatrias tolerare tanquam noster caesium. In hac habitasse platea dictumst. Eros diam egestas libero eu vulputate risus. Silva de secundus galatae demitto quadra. Eposs sunt solems de superbus fortis. Era brevis ratione est. Morbi tempus commodo mattis. Teres talis saepe tractare de camerarius flavum sensorem. Pellentesque vitae velit ex. Aliquam sodales odio id eleifend tristique.','2025-02-24 13:54:35');
INSERT INTO symfony_demo_comment VALUES(203,41,7,'Era brevis ratione est. Sunt torquises imitari velox mirabilis medicinaes. Eros diam egestas libero eu vulputate risus. Nunc viverra elit ac laoreet suscipit. Mineralis persuadere omnes finises desiderium. Eposs sunt solems de superbus fortis. Morbi tempus commodo mattis. In hac habitasse platea dictumst. Lorem ipsum dolor sit amet consectetur adipiscing elit. Mauris dapibus risus quis suscipit vulputate.','2025-02-24 13:54:36');
INSERT INTO symfony_demo_comment VALUES(204,41,7,'Sed varius a risus eget aliquam. Nulla porta lobortis ligula vel egestas. Sunt torquises imitari velox mirabilis medicinaes. Abnobas sunt hilotaes de placidus vita. Eposs sunt solems de superbus fortis. Sunt seculaes transferre talis camerarius fluctuies. Vae humani generis.','2025-02-24 13:54:37');
INSERT INTO symfony_demo_comment VALUES(205,41,7,'Vae humani generis. Urna nisl sollicitudin id varius orci quam id turpis. Mauris dapibus risus quis suscipit vulputate. Pellentesque vitae velit ex. Aliquam sodales odio id eleifend tristique. Sunt torquises imitari velox mirabilis medicinaes. Potus sensim ad ferox abnoba. Eros diam egestas libero eu vulputate risus.','2025-02-24 13:54:38');
INSERT INTO symfony_demo_comment VALUES(206,42,7,'Eposs sunt solems de superbus fortis. Sunt torquises imitari velox mirabilis medicinaes. Eros diam egestas libero eu vulputate risus. Mineralis persuadere omnes finises desiderium. Vae humani generis. Bassus fatalis classiss virtualiter transferre de flavum. Nunc viverra elit ac laoreet suscipit. Era brevis ratione est. In hac habitasse platea dictumst.','2025-02-24 13:54:34');
INSERT INTO symfony_demo_comment VALUES(207,42,7,'Pellentesque vitae velit ex. Teres talis saepe tractare de camerarius flavum sensorem. Diatrias tolerare tanquam noster caesium. Sunt accentores vitare salvus flavum parses. Ut eleifend mauris et risus ultrices egestas. Vae humani generis. Mineralis persuadere omnes finises desiderium. Abnobas sunt hilotaes de placidus vita. Eros diam egestas libero eu vulputate risus.','2025-02-24 13:54:35');
INSERT INTO symfony_demo_comment VALUES(208,42,7,'Diatrias tolerare tanquam noster caesium. Sed varius a risus eget aliquam. Sunt seculaes transferre talis camerarius fluctuies. Pellentesque vitae velit ex. Nulla porta lobortis ligula vel egestas. Bassus fatalis classiss virtualiter transferre de flavum.','2025-02-24 13:54:36');
INSERT INTO symfony_demo_comment VALUES(209,42,7,'Potus sensim ad ferox abnoba. Ubi est audax amicitia. Curabitur aliquam euismod dolor non ornare. Pellentesque et sapien pulvinar consectetur. Sunt torquises imitari velox mirabilis medicinaes. Aliquam sodales odio id eleifend tristique. Sunt accentores vitare salvus flavum parses. Silva de secundus galatae demitto quadra. Ubi est barbatus nix. Era brevis ratione est. Nunc viverra elit ac laoreet suscipit. Bassus fatalis classiss virtualiter transferre de flavum.','2025-02-24 13:54:37');
INSERT INTO symfony_demo_comment VALUES(210,42,7,'Curabitur aliquam euismod dolor non ornare. Abnobas sunt hilotaes de placidus vita. Sunt accentores vitare salvus flavum parses. Sunt torquises imitari velox mirabilis medicinaes. Eposs sunt solems de superbus fortis. Ubi est audax amicitia. Era brevis ratione est. Urna nisl sollicitudin id varius orci quam id turpis. Pellentesque et sapien pulvinar consectetur.','2025-02-24 13:54:38');
INSERT INTO symfony_demo_comment VALUES(211,43,7,'Bassus fatalis classiss virtualiter transferre de flavum. Vae humani generis. Pellentesque vitae velit ex. Aliquam sodales odio id eleifend tristique. Sunt torquises imitari velox mirabilis medicinaes. Sed varius a risus eget aliquam. Eposs sunt solems de superbus fortis. Pellentesque et sapien pulvinar consectetur.','2025-02-24 13:54:34');
INSERT INTO symfony_demo_comment VALUES(212,43,7,'Mineralis persuadere omnes finises desiderium. Silva de secundus galatae demitto quadra. Ut eleifend mauris et risus ultrices egestas. Curabitur aliquam euismod dolor non ornare. Pellentesque vitae velit ex. Urna nisl sollicitudin id varius orci quam id turpis. Nulla porta lobortis ligula vel egestas. Pellentesque et sapien pulvinar consectetur. Ut suscipit posuere justo at vulputate. Ubi est audax amicitia. Teres talis saepe tractare de camerarius flavum sensorem.','2025-02-24 13:54:35');
INSERT INTO symfony_demo_comment VALUES(213,43,7,'Aliquam sodales odio id eleifend tristique. Ut eleifend mauris et risus ultrices egestas. Pellentesque et sapien pulvinar consectetur. In hac habitasse platea dictumst. Sunt accentores vitare salvus flavum parses. Sunt seculaes transferre talis camerarius fluctuies. Silva de secundus galatae demitto quadra. Abnobas sunt hilotaes de placidus vita. Morbi tempus commodo mattis.','2025-02-24 13:54:36');
INSERT INTO symfony_demo_comment VALUES(214,43,7,'Urna nisl sollicitudin id varius orci quam id turpis. Nulla porta lobortis ligula vel egestas. Sunt torquises imitari velox mirabilis medicinaes. Mineralis persuadere omnes finises desiderium. Sed varius a risus eget aliquam. Diatrias tolerare tanquam noster caesium. Sunt accentores vitare salvus flavum parses. Silva de secundus galatae demitto quadra. Teres talis saepe tractare de camerarius flavum sensorem.','2025-02-24 13:54:37');
INSERT INTO symfony_demo_comment VALUES(215,43,7,'Sunt seculaes transferre talis camerarius fluctuies. Pellentesque et sapien pulvinar consectetur. Sunt torquises imitari velox mirabilis medicinaes. Potus sensim ad ferox abnoba. Silva de secundus galatae demitto quadra. Pellentesque vitae velit ex. Eros diam egestas libero eu vulputate risus. Aliquam sodales odio id eleifend tristique. Mineralis persuadere omnes finises desiderium.','2025-02-24 13:54:38');
INSERT INTO symfony_demo_comment VALUES(216,44,7,'Urna nisl sollicitudin id varius orci quam id turpis. Bassus fatalis classiss virtualiter transferre de flavum. Abnobas sunt hilotaes de placidus vita. Vae humani generis. Sed varius a risus eget aliquam. In hac habitasse platea dictumst. Sunt torquises imitari velox mirabilis medicinaes. Potus sensim ad ferox abnoba.','2025-02-24 13:54:34');
INSERT INTO symfony_demo_comment VALUES(217,44,7,'Ut suscipit posuere justo at vulputate. Era brevis ratione est. Teres talis saepe tractare de camerarius flavum sensorem. Pellentesque et sapien pulvinar consectetur. Morbi tempus commodo mattis. Nulla porta lobortis ligula vel egestas. Sunt seculaes transferre talis camerarius fluctuies.','2025-02-24 13:54:35');
INSERT INTO symfony_demo_comment VALUES(218,44,7,'Mineralis persuadere omnes finises desiderium. Mauris dapibus risus quis suscipit vulputate. Bassus fatalis classiss virtualiter transferre de flavum. Eposs sunt solems de superbus fortis. Eros diam egestas libero eu vulputate risus. Curabitur aliquam euismod dolor non ornare. In hac habitasse platea dictumst. Diatrias tolerare tanquam noster caesium.','2025-02-24 13:54:36');
INSERT INTO symfony_demo_comment VALUES(219,44,7,'Ut suscipit posuere justo at vulputate. Morbi tempus commodo mattis. In hac habitasse platea dictumst. Ut eleifend mauris et risus ultrices egestas. Diatrias tolerare tanquam noster caesium. Bassus fatalis classiss virtualiter transferre de flavum. Sunt seculaes transferre talis camerarius fluctuies.','2025-02-24 13:54:37');
INSERT INTO symfony_demo_comment VALUES(220,44,7,'Abnobas sunt hilotaes de placidus vita. Sunt accentores vitare salvus flavum parses. Ubi est barbatus nix. Teres talis saepe tractare de camerarius flavum sensorem. Urna nisl sollicitudin id varius orci quam id turpis. Ut suscipit posuere justo at vulputate. Silva de secundus galatae demitto quadra. Mauris dapibus risus quis suscipit vulputate. Nulla porta lobortis ligula vel egestas.','2025-02-24 13:54:38');
INSERT INTO symfony_demo_comment VALUES(221,45,7,'Eros diam egestas libero eu vulputate risus. Diatrias tolerare tanquam noster caesium. Eposs sunt solems de superbus fortis. Pellentesque et sapien pulvinar consectetur. In hac habitasse platea dictumst. Abnobas sunt hilotaes de placidus vita. Sunt accentores vitare salvus flavum parses.','2025-02-24 13:54:34');
INSERT INTO symfony_demo_comment VALUES(222,45,7,'Ut eleifend mauris et risus ultrices egestas. Sunt torquises imitari velox mirabilis medicinaes. Ubi est audax amicitia. Ut suscipit posuere justo at vulputate. Vae humani generis. Sed varius a risus eget aliquam. Eros diam egestas libero eu vulputate risus. Eposs sunt solems de superbus fortis. Mineralis persuadere omnes finises desiderium.','2025-02-24 13:54:35');
INSERT INTO symfony_demo_comment VALUES(223,45,7,'Eros diam egestas libero eu vulputate risus. In hac habitasse platea dictumst. Bassus fatalis classiss virtualiter transferre de flavum. Teres talis saepe tractare de camerarius flavum sensorem. Sed varius a risus eget aliquam. Ut eleifend mauris et risus ultrices egestas. Sunt seculaes transferre talis camerarius fluctuies.','2025-02-24 13:54:36');
INSERT INTO symfony_demo_comment VALUES(224,45,7,'Abnobas sunt hilotaes de placidus vita. Era brevis ratione est. Ut eleifend mauris et risus ultrices egestas. Lorem ipsum dolor sit amet consectetur adipiscing elit. Bassus fatalis classiss virtualiter transferre de flavum. Teres talis saepe tractare de camerarius flavum sensorem. Vae humani generis. Ut suscipit posuere justo at vulputate. Sunt seculaes transferre talis camerarius fluctuies. Eposs sunt solems de superbus fortis. Pellentesque et sapien pulvinar consectetur.','2025-02-24 13:54:37');
INSERT INTO symfony_demo_comment VALUES(225,45,7,'Ubi est audax amicitia. Lorem ipsum dolor sit amet consectetur adipiscing elit. Pellentesque et sapien pulvinar consectetur. Eposs sunt solems de superbus fortis. Nulla porta lobortis ligula vel egestas. Aliquam sodales odio id eleifend tristique.','2025-02-24 13:54:38');
INSERT INTO symfony_demo_comment VALUES(226,46,7,'Teres talis saepe tractare de camerarius flavum sensorem. Aliquam sodales odio id eleifend tristique. Mineralis persuadere omnes finises desiderium. Bassus fatalis classiss virtualiter transferre de flavum. Urna nisl sollicitudin id varius orci quam id turpis. Pellentesque vitae velit ex.','2025-02-24 13:54:34');
INSERT INTO symfony_demo_comment VALUES(227,46,7,'Morbi tempus commodo mattis. Ubi est audax amicitia. Ubi est barbatus nix. Vae humani generis. Sed varius a risus eget aliquam. Lorem ipsum dolor sit amet consectetur adipiscing elit. Abnobas sunt hilotaes de placidus vita. Eros diam egestas libero eu vulputate risus. Mineralis persuadere omnes finises desiderium. Diatrias tolerare tanquam noster caesium.','2025-02-24 13:54:35');
INSERT INTO symfony_demo_comment VALUES(228,46,7,'Nunc viverra elit ac laoreet suscipit. Urna nisl sollicitudin id varius orci quam id turpis. Eposs sunt solems de superbus fortis. Ubi est barbatus nix. Nulla porta lobortis ligula vel egestas. Ut eleifend mauris et risus ultrices egestas. Sunt torquises imitari velox mirabilis medicinaes. Potus sensim ad ferox abnoba. Vae humani generis. Ubi est audax amicitia. Sunt seculaes transferre talis camerarius fluctuies. Eros diam egestas libero eu vulputate risus.','2025-02-24 13:54:36');
INSERT INTO symfony_demo_comment VALUES(229,46,7,'Teres talis saepe tractare de camerarius flavum sensorem. Morbi tempus commodo mattis. Mauris dapibus risus quis suscipit vulputate. Potus sensim ad ferox abnoba. Sunt torquises imitari velox mirabilis medicinaes. Silva de secundus galatae demitto quadra. Abnobas sunt hilotaes de placidus vita.','2025-02-24 13:54:37');
INSERT INTO symfony_demo_comment VALUES(230,46,7,'Vae humani generis. Lorem ipsum dolor sit amet consectetur adipiscing elit. Sed varius a risus eget aliquam. Diatrias tolerare tanquam noster caesium. Nulla porta lobortis ligula vel egestas. Urna nisl sollicitudin id varius orci quam id turpis.','2025-02-24 13:54:38');
INSERT INTO symfony_demo_comment VALUES(231,47,7,'Nulla porta lobortis ligula vel egestas. Diatrias tolerare tanquam noster caesium. Mineralis persuadere omnes finises desiderium. Ubi est audax amicitia. Lorem ipsum dolor sit amet consectetur adipiscing elit. Aliquam sodales odio id eleifend tristique. Potus sensim ad ferox abnoba. Ut suscipit posuere justo at vulputate. Sed varius a risus eget aliquam. Eros diam egestas libero eu vulputate risus. Urna nisl sollicitudin id varius orci quam id turpis.','2025-02-24 13:54:34');
INSERT INTO symfony_demo_comment VALUES(232,47,7,'Vae humani generis. Curabitur aliquam euismod dolor non ornare. Mauris dapibus risus quis suscipit vulputate. Era brevis ratione est. Silva de secundus galatae demitto quadra. Potus sensim ad ferox abnoba. Eposs sunt solems de superbus fortis. Ut suscipit posuere justo at vulputate. Pellentesque et sapien pulvinar consectetur. In hac habitasse platea dictumst. Ubi est barbatus nix. Bassus fatalis classiss virtualiter transferre de flavum. Pellentesque vitae velit ex.','2025-02-24 13:54:35');
INSERT INTO symfony_demo_comment VALUES(233,47,7,'Aliquam sodales odio id eleifend tristique. Abnobas sunt hilotaes de placidus vita. Potus sensim ad ferox abnoba. Teres talis saepe tractare de camerarius flavum sensorem. Urna nisl sollicitudin id varius orci quam id turpis. Mineralis persuadere omnes finises desiderium. Sunt seculaes transferre talis camerarius fluctuies. Pellentesque et sapien pulvinar consectetur. Morbi tempus commodo mattis.','2025-02-24 13:54:36');
INSERT INTO symfony_demo_comment VALUES(234,47,7,'Sunt torquises imitari velox mirabilis medicinaes. Potus sensim ad ferox abnoba. Bassus fatalis classiss virtualiter transferre de flavum. Aliquam sodales odio id eleifend tristique. Sunt accentores vitare salvus flavum parses. Morbi tempus commodo mattis. Sed varius a risus eget aliquam. Nulla porta lobortis ligula vel egestas. Vae humani generis. Ubi est audax amicitia. Mauris dapibus risus quis suscipit vulputate.','2025-02-24 13:54:37');
INSERT INTO symfony_demo_comment VALUES(235,47,7,'Eposs sunt solems de superbus fortis. Era brevis ratione est. Nunc viverra elit ac laoreet suscipit. Teres talis saepe tractare de camerarius flavum sensorem. Potus sensim ad ferox abnoba. Silva de secundus galatae demitto quadra. Ubi est audax amicitia. Aliquam sodales odio id eleifend tristique. Lorem ipsum dolor sit amet consectetur adipiscing elit. Pellentesque et sapien pulvinar consectetur. Nulla porta lobortis ligula vel egestas. Curabitur aliquam euismod dolor non ornare.','2025-02-24 13:54:38');
INSERT INTO symfony_demo_comment VALUES(236,48,7,'Ubi est audax amicitia. Potus sensim ad ferox abnoba. Nunc viverra elit ac laoreet suscipit. Pellentesque vitae velit ex. Teres talis saepe tractare de camerarius flavum sensorem. Lorem ipsum dolor sit amet consectetur adipiscing elit. Nulla porta lobortis ligula vel egestas. Urna nisl sollicitudin id varius orci quam id turpis. Mineralis persuadere omnes finises desiderium. Silva de secundus galatae demitto quadra. Vae humani generis.','2025-02-24 13:54:34');
INSERT INTO symfony_demo_comment VALUES(237,48,7,'Bassus fatalis classiss virtualiter transferre de flavum. Abnobas sunt hilotaes de placidus vita. Mauris dapibus risus quis suscipit vulputate. Pellentesque et sapien pulvinar consectetur. Curabitur aliquam euismod dolor non ornare. Aliquam sodales odio id eleifend tristique.','2025-02-24 13:54:35');
INSERT INTO symfony_demo_comment VALUES(238,48,7,'Abnobas sunt hilotaes de placidus vita. Urna nisl sollicitudin id varius orci quam id turpis. Ut eleifend mauris et risus ultrices egestas. Silva de secundus galatae demitto quadra. Sunt seculaes transferre talis camerarius fluctuies. Ubi est audax amicitia. Vae humani generis. Eposs sunt solems de superbus fortis.','2025-02-24 13:54:36');
INSERT INTO symfony_demo_comment VALUES(239,48,7,'Lorem ipsum dolor sit amet consectetur adipiscing elit. Mauris dapibus risus quis suscipit vulputate. Sed varius a risus eget aliquam. Sunt accentores vitare salvus flavum parses. Bassus fatalis classiss virtualiter transferre de flavum.','2025-02-24 13:54:37');
INSERT INTO symfony_demo_comment VALUES(240,48,7,'Teres talis saepe tractare de camerarius flavum sensorem. Mauris dapibus risus quis suscipit vulputate. Aliquam sodales odio id eleifend tristique. Diatrias tolerare tanquam noster caesium. Sed varius a risus eget aliquam. Lorem ipsum dolor sit amet consectetur adipiscing elit. Pellentesque et sapien pulvinar consectetur.','2025-02-24 13:54:38');
INSERT INTO symfony_demo_comment VALUES(241,49,7,'Silva de secundus galatae demitto quadra. Diatrias tolerare tanquam noster caesium. Pellentesque vitae velit ex. Era brevis ratione est. Vae humani generis. Potus sensim ad ferox abnoba. Ubi est barbatus nix. Nunc viverra elit ac laoreet suscipit. Sed varius a risus eget aliquam. Sunt seculaes transferre talis camerarius fluctuies.','2025-02-24 13:54:34');
INSERT INTO symfony_demo_comment VALUES(242,49,7,'Silva de secundus galatae demitto quadra. Abnobas sunt hilotaes de placidus vita. Mineralis persuadere omnes finises desiderium. Eposs sunt solems de superbus fortis. Bassus fatalis classiss virtualiter transferre de flavum. Eros diam egestas libero eu vulputate risus.','2025-02-24 13:54:35');
INSERT INTO symfony_demo_comment VALUES(243,49,7,'Nunc viverra elit ac laoreet suscipit. Nulla porta lobortis ligula vel egestas. Sunt torquises imitari velox mirabilis medicinaes. Pellentesque et sapien pulvinar consectetur. Ubi est barbatus nix. Eposs sunt solems de superbus fortis. Teres talis saepe tractare de camerarius flavum sensorem. Aliquam sodales odio id eleifend tristique.','2025-02-24 13:54:36');
INSERT INTO symfony_demo_comment VALUES(244,49,7,'Morbi tempus commodo mattis. Urna nisl sollicitudin id varius orci quam id turpis. Bassus fatalis classiss virtualiter transferre de flavum. Lorem ipsum dolor sit amet consectetur adipiscing elit. Ut suscipit posuere justo at vulputate. Vae humani generis. Pellentesque et sapien pulvinar consectetur. Eros diam egestas libero eu vulputate risus. Pellentesque vitae velit ex. Era brevis ratione est.','2025-02-24 13:54:37');
INSERT INTO symfony_demo_comment VALUES(245,49,7,'Mineralis persuadere omnes finises desiderium. Pellentesque et sapien pulvinar consectetur. Nunc viverra elit ac laoreet suscipit. Sunt accentores vitare salvus flavum parses. Teres talis saepe tractare de camerarius flavum sensorem. Diatrias tolerare tanquam noster caesium. Nulla porta lobortis ligula vel egestas. Urna nisl sollicitudin id varius orci quam id turpis. Sed varius a risus eget aliquam.','2025-02-24 13:54:38');
INSERT INTO symfony_demo_comment VALUES(246,50,7,'Urna nisl sollicitudin id varius orci quam id turpis. Morbi tempus commodo mattis. Diatrias tolerare tanquam noster caesium. Nulla porta lobortis ligula vel egestas. Sed varius a risus eget aliquam. Silva de secundus galatae demitto quadra. Era brevis ratione est.','2025-02-24 13:54:34');
INSERT INTO symfony_demo_comment VALUES(247,50,7,'Ut eleifend mauris et risus ultrices egestas. Era brevis ratione est. In hac habitasse platea dictumst. Sunt seculaes transferre talis camerarius fluctuies. Vae humani generis. Sed varius a risus eget aliquam. Curabitur aliquam euismod dolor non ornare. Eros diam egestas libero eu vulputate risus. Teres talis saepe tractare de camerarius flavum sensorem. Pellentesque vitae velit ex.','2025-02-24 13:54:35');
INSERT INTO symfony_demo_comment VALUES(248,50,7,'Pellentesque vitae velit ex. Lorem ipsum dolor sit amet consectetur adipiscing elit. Eros diam egestas libero eu vulputate risus. Ubi est barbatus nix. In hac habitasse platea dictumst. Potus sensim ad ferox abnoba. Nunc viverra elit ac laoreet suscipit. Urna nisl sollicitudin id varius orci quam id turpis. Vae humani generis. Silva de secundus galatae demitto quadra.','2025-02-24 13:54:36');
INSERT INTO symfony_demo_comment VALUES(249,50,7,'Sunt seculaes transferre talis camerarius fluctuies. Vae humani generis. Sed varius a risus eget aliquam. Silva de secundus galatae demitto quadra. Morbi tempus commodo mattis. In hac habitasse platea dictumst. Lorem ipsum dolor sit amet consectetur adipiscing elit. Eros diam egestas libero eu vulputate risus. Ut suscipit posuere justo at vulputate. Aliquam sodales odio id eleifend tristique. Nunc viverra elit ac laoreet suscipit.','2025-02-24 13:54:37');
INSERT INTO symfony_demo_comment VALUES(250,50,7,'Abnobas sunt hilotaes de placidus vita. Morbi tempus commodo mattis. Vae humani generis. Lorem ipsum dolor sit amet consectetur adipiscing elit. Bassus fatalis classiss virtualiter transferre de flavum. Eros diam egestas libero eu vulputate risus. Mauris dapibus risus quis suscipit vulputate. Pellentesque et sapien pulvinar consectetur.','2025-02-24 13:54:38');
INSERT INTO symfony_demo_comment VALUES(251,51,7,'Eros diam egestas libero eu vulputate risus. Era brevis ratione est. Pellentesque vitae velit ex. In hac habitasse platea dictumst. Pellentesque et sapien pulvinar consectetur. Diatrias tolerare tanquam noster caesium. Curabitur aliquam euismod dolor non ornare. Bassus fatalis classiss virtualiter transferre de flavum. Ubi est audax amicitia.','2025-02-24 13:54:34');
INSERT INTO symfony_demo_comment VALUES(252,51,7,'Sunt torquises imitari velox mirabilis medicinaes. Pellentesque vitae velit ex. Era brevis ratione est. Sunt accentores vitare salvus flavum parses. Pellentesque et sapien pulvinar consectetur. Nulla porta lobortis ligula vel egestas. Ubi est audax amicitia. Ut eleifend mauris et risus ultrices egestas.','2025-02-24 13:54:35');
INSERT INTO symfony_demo_comment VALUES(253,51,7,'Silva de secundus galatae demitto quadra. Nulla porta lobortis ligula vel egestas. Vae humani generis. Mineralis persuadere omnes finises desiderium. Sed varius a risus eget aliquam. Lorem ipsum dolor sit amet consectetur adipiscing elit.','2025-02-24 13:54:36');
INSERT INTO symfony_demo_comment VALUES(254,51,7,'Mineralis persuadere omnes finises desiderium. Eposs sunt solems de superbus fortis. Sed varius a risus eget aliquam. Vae humani generis. Aliquam sodales odio id eleifend tristique. Urna nisl sollicitudin id varius orci quam id turpis.','2025-02-24 13:54:37');
INSERT INTO symfony_demo_comment VALUES(255,51,7,'Ut suscipit posuere justo at vulputate. Curabitur aliquam euismod dolor non ornare. Eros diam egestas libero eu vulputate risus. Morbi tempus commodo mattis. Urna nisl sollicitudin id varius orci quam id turpis. Mineralis persuadere omnes finises desiderium. Eposs sunt solems de superbus fortis. Abnobas sunt hilotaes de placidus vita. In hac habitasse platea dictumst. Ubi est barbatus nix. Vae humani generis.','2025-02-24 13:54:38');
INSERT INTO symfony_demo_comment VALUES(256,52,7,'Vae humani generis. Ut suscipit posuere justo at vulputate. Sunt torquises imitari velox mirabilis medicinaes. Aliquam sodales odio id eleifend tristique. Mauris dapibus risus quis suscipit vulputate. Sunt seculaes transferre talis camerarius fluctuies.','2025-02-24 13:54:34');
INSERT INTO symfony_demo_comment VALUES(257,52,7,'Mineralis persuadere omnes finises desiderium. Mauris dapibus risus quis suscipit vulputate. Morbi tempus commodo mattis. Lorem ipsum dolor sit amet consectetur adipiscing elit. Bassus fatalis classiss virtualiter transferre de flavum. Ubi est audax amicitia.','2025-02-24 13:54:35');
INSERT INTO symfony_demo_comment VALUES(258,52,7,'Ubi est audax amicitia. Pellentesque vitae velit ex. Era brevis ratione est. Sunt accentores vitare salvus flavum parses. Aliquam sodales odio id eleifend tristique. Silva de secundus galatae demitto quadra. Eros diam egestas libero eu vulputate risus. Lorem ipsum dolor sit amet consectetur adipiscing elit.','2025-02-24 13:54:36');
INSERT INTO symfony_demo_comment VALUES(259,52,7,'Nulla porta lobortis ligula vel egestas. Pellentesque et sapien pulvinar consectetur. Silva de secundus galatae demitto quadra. Diatrias tolerare tanquam noster caesium. Era brevis ratione est. Sunt seculaes transferre talis camerarius fluctuies. Nunc viverra elit ac laoreet suscipit. Teres talis saepe tractare de camerarius flavum sensorem. Eposs sunt solems de superbus fortis. Ut suscipit posuere justo at vulputate.','2025-02-24 13:54:37');
INSERT INTO symfony_demo_comment VALUES(260,52,7,'Sunt torquises imitari velox mirabilis medicinaes. Sed varius a risus eget aliquam. Mauris dapibus risus quis suscipit vulputate. Vae humani generis. Silva de secundus galatae demitto quadra. Era brevis ratione est. Ubi est audax amicitia. Morbi tempus commodo mattis. Curabitur aliquam euismod dolor non ornare. Eposs sunt solems de superbus fortis. Sunt accentores vitare salvus flavum parses. Diatrias tolerare tanquam noster caesium.','2025-02-24 13:54:38');
INSERT INTO symfony_demo_comment VALUES(261,53,7,'Nulla porta lobortis ligula vel egestas. Potus sensim ad ferox abnoba. Nunc viverra elit ac laoreet suscipit. Teres talis saepe tractare de camerarius flavum sensorem. Sunt torquises imitari velox mirabilis medicinaes. Pellentesque vitae velit ex. Morbi tempus commodo mattis. Silva de secundus galatae demitto quadra. Ubi est audax amicitia.','2025-02-24 13:54:34');
INSERT INTO symfony_demo_comment VALUES(262,53,7,'Mineralis persuadere omnes finises desiderium. Nulla porta lobortis ligula vel egestas. In hac habitasse platea dictumst. Ubi est audax amicitia. Vae humani generis. Abnobas sunt hilotaes de placidus vita. Teres talis saepe tractare de camerarius flavum sensorem. Sed varius a risus eget aliquam.','2025-02-24 13:54:35');
INSERT INTO symfony_demo_comment VALUES(263,53,7,'Silva de secundus galatae demitto quadra. Teres talis saepe tractare de camerarius flavum sensorem. Eposs sunt solems de superbus fortis. Lorem ipsum dolor sit amet consectetur adipiscing elit. Mauris dapibus risus quis suscipit vulputate. Curabitur aliquam euismod dolor non ornare. Sunt seculaes transferre talis camerarius fluctuies. Potus sensim ad ferox abnoba. Ut eleifend mauris et risus ultrices egestas.','2025-02-24 13:54:36');
INSERT INTO symfony_demo_comment VALUES(264,53,7,'Silva de secundus galatae demitto quadra. Sunt seculaes transferre talis camerarius fluctuies. Mauris dapibus risus quis suscipit vulputate. Eros diam egestas libero eu vulputate risus. Ubi est audax amicitia. In hac habitasse platea dictumst. Nulla porta lobortis ligula vel egestas.','2025-02-24 13:54:37');
INSERT INTO symfony_demo_comment VALUES(265,53,7,'Lorem ipsum dolor sit amet consectetur adipiscing elit. In hac habitasse platea dictumst. Bassus fatalis classiss virtualiter transferre de flavum. Urna nisl sollicitudin id varius orci quam id turpis. Pellentesque vitae velit ex. Potus sensim ad ferox abnoba. Silva de secundus galatae demitto quadra. Ubi est audax amicitia. Mineralis persuadere omnes finises desiderium.','2025-02-24 13:54:38');
INSERT INTO symfony_demo_comment VALUES(266,54,7,'Lorem ipsum dolor sit amet consectetur adipiscing elit. Urna nisl sollicitudin id varius orci quam id turpis. Teres talis saepe tractare de camerarius flavum sensorem. Mineralis persuadere omnes finises desiderium. In hac habitasse platea dictumst. Abnobas sunt hilotaes de placidus vita. Ubi est audax amicitia.','2025-02-24 13:54:34');
INSERT INTO symfony_demo_comment VALUES(267,54,7,'Ut suscipit posuere justo at vulputate. Teres talis saepe tractare de camerarius flavum sensorem. Curabitur aliquam euismod dolor non ornare. Lorem ipsum dolor sit amet consectetur adipiscing elit. Ubi est audax amicitia. In hac habitasse platea dictumst. Potus sensim ad ferox abnoba. Mauris dapibus risus quis suscipit vulputate. Diatrias tolerare tanquam noster caesium. Ut eleifend mauris et risus ultrices egestas. Eposs sunt solems de superbus fortis.','2025-02-24 13:54:35');
INSERT INTO symfony_demo_comment VALUES(268,54,7,'Silva de secundus galatae demitto quadra. Ut eleifend mauris et risus ultrices egestas. Sunt torquises imitari velox mirabilis medicinaes. Era brevis ratione est. Sunt accentores vitare salvus flavum parses. Teres talis saepe tractare de camerarius flavum sensorem. Bassus fatalis classiss virtualiter transferre de flavum. Aliquam sodales odio id eleifend tristique. Morbi tempus commodo mattis.','2025-02-24 13:54:36');
INSERT INTO symfony_demo_comment VALUES(269,54,7,'Morbi tempus commodo mattis. Urna nisl sollicitudin id varius orci quam id turpis. Vae humani generis. Nulla porta lobortis ligula vel egestas. Sunt seculaes transferre talis camerarius fluctuies. Sed varius a risus eget aliquam. Potus sensim ad ferox abnoba.','2025-02-24 13:54:37');
INSERT INTO symfony_demo_comment VALUES(270,54,7,'Diatrias tolerare tanquam noster caesium. Era brevis ratione est. Eros diam egestas libero eu vulputate risus. Lorem ipsum dolor sit amet consectetur adipiscing elit. Sed varius a risus eget aliquam. Mineralis persuadere omnes finises desiderium. Morbi tempus commodo mattis.','2025-02-24 13:54:38');
INSERT INTO symfony_demo_comment VALUES(271,55,7,'Teres talis saepe tractare de camerarius flavum sensorem. Ut suscipit posuere justo at vulputate. Nunc viverra elit ac laoreet suscipit. Mineralis persuadere omnes finises desiderium. Pellentesque et sapien pulvinar consectetur. Morbi tempus commodo mattis. Nulla porta lobortis ligula vel egestas. Eposs sunt solems de superbus fortis. Vae humani generis.','2025-02-24 13:54:34');
INSERT INTO symfony_demo_comment VALUES(272,55,7,'Eposs sunt solems de superbus fortis. Potus sensim ad ferox abnoba. Pellentesque et sapien pulvinar consectetur. Nulla porta lobortis ligula vel egestas. Sunt torquises imitari velox mirabilis medicinaes. Era brevis ratione est. Sunt accentores vitare salvus flavum parses. Teres talis saepe tractare de camerarius flavum sensorem. Ubi est audax amicitia. Pellentesque vitae velit ex.','2025-02-24 13:54:35');
INSERT INTO symfony_demo_comment VALUES(273,55,7,'Curabitur aliquam euismod dolor non ornare. Mauris dapibus risus quis suscipit vulputate. Ut eleifend mauris et risus ultrices egestas. Ubi est barbatus nix. Potus sensim ad ferox abnoba. Morbi tempus commodo mattis. Silva de secundus galatae demitto quadra. Ubi est audax amicitia. Sunt torquises imitari velox mirabilis medicinaes.','2025-02-24 13:54:36');
INSERT INTO symfony_demo_comment VALUES(274,55,7,'Vae humani generis. Pellentesque et sapien pulvinar consectetur. Morbi tempus commodo mattis. Era brevis ratione est. Lorem ipsum dolor sit amet consectetur adipiscing elit. Ut suscipit posuere justo at vulputate. Abnobas sunt hilotaes de placidus vita. Sed varius a risus eget aliquam.','2025-02-24 13:54:37');
INSERT INTO symfony_demo_comment VALUES(275,55,7,'Vae humani generis. Sunt torquises imitari velox mirabilis medicinaes. Pellentesque et sapien pulvinar consectetur. Eposs sunt solems de superbus fortis. Ut suscipit posuere justo at vulputate. Lorem ipsum dolor sit amet consectetur adipiscing elit. Nulla porta lobortis ligula vel egestas. Abnobas sunt hilotaes de placidus vita. Eros diam egestas libero eu vulputate risus. In hac habitasse platea dictumst. Morbi tempus commodo mattis. Potus sensim ad ferox abnoba.','2025-02-24 13:54:38');
INSERT INTO symfony_demo_comment VALUES(276,56,7,'Era brevis ratione est. Diatrias tolerare tanquam noster caesium. Sed varius a risus eget aliquam. Nulla porta lobortis ligula vel egestas. Eros diam egestas libero eu vulputate risus. Mineralis persuadere omnes finises desiderium. Bassus fatalis classiss virtualiter transferre de flavum.','2025-02-24 13:54:34');
INSERT INTO symfony_demo_comment VALUES(277,56,7,'Eposs sunt solems de superbus fortis. Potus sensim ad ferox abnoba. Lorem ipsum dolor sit amet consectetur adipiscing elit. Curabitur aliquam euismod dolor non ornare. Teres talis saepe tractare de camerarius flavum sensorem. Era brevis ratione est. Ubi est barbatus nix. Nulla porta lobortis ligula vel egestas. Pellentesque vitae velit ex. Aliquam sodales odio id eleifend tristique. Ubi est audax amicitia. Vae humani generis.','2025-02-24 13:54:35');
INSERT INTO symfony_demo_comment VALUES(278,56,7,'Eros diam egestas libero eu vulputate risus. Nulla porta lobortis ligula vel egestas. Ut eleifend mauris et risus ultrices egestas. Diatrias tolerare tanquam noster caesium. Vae humani generis. Sed varius a risus eget aliquam. Era brevis ratione est. Bassus fatalis classiss virtualiter transferre de flavum. Sunt accentores vitare salvus flavum parses. Teres talis saepe tractare de camerarius flavum sensorem.','2025-02-24 13:54:36');
INSERT INTO symfony_demo_comment VALUES(279,56,7,'Sed varius a risus eget aliquam. Abnobas sunt hilotaes de placidus vita. Ubi est barbatus nix. Diatrias tolerare tanquam noster caesium. Teres talis saepe tractare de camerarius flavum sensorem. Era brevis ratione est. Lorem ipsum dolor sit amet consectetur adipiscing elit. Pellentesque et sapien pulvinar consectetur. Eposs sunt solems de superbus fortis. Sunt accentores vitare salvus flavum parses. Morbi tempus commodo mattis. Ut eleifend mauris et risus ultrices egestas.','2025-02-24 13:54:37');
INSERT INTO symfony_demo_comment VALUES(280,56,7,'Mineralis persuadere omnes finises desiderium. Ut suscipit posuere justo at vulputate. Eros diam egestas libero eu vulputate risus. In hac habitasse platea dictumst. Urna nisl sollicitudin id varius orci quam id turpis. Mauris dapibus risus quis suscipit vulputate. Abnobas sunt hilotaes de placidus vita. Aliquam sodales odio id eleifend tristique. Sunt seculaes transferre talis camerarius fluctuies.','2025-02-24 13:54:38');
INSERT INTO symfony_demo_comment VALUES(281,57,7,'Ut suscipit posuere justo at vulputate. Ubi est audax amicitia. Nulla porta lobortis ligula vel egestas. Mineralis persuadere omnes finises desiderium. Mauris dapibus risus quis suscipit vulputate. Abnobas sunt hilotaes de placidus vita. Sunt torquises imitari velox mirabilis medicinaes. Lorem ipsum dolor sit amet consectetur adipiscing elit. Bassus fatalis classiss virtualiter transferre de flavum. Ut eleifend mauris et risus ultrices egestas.','2025-02-24 13:54:34');
INSERT INTO symfony_demo_comment VALUES(282,57,7,'Nulla porta lobortis ligula vel egestas. Pellentesque et sapien pulvinar consectetur. Ut eleifend mauris et risus ultrices egestas. Sunt seculaes transferre talis camerarius fluctuies. In hac habitasse platea dictumst. Mauris dapibus risus quis suscipit vulputate. Morbi tempus commodo mattis. Sed varius a risus eget aliquam. Silva de secundus galatae demitto quadra. Urna nisl sollicitudin id varius orci quam id turpis. Nunc viverra elit ac laoreet suscipit.','2025-02-24 13:54:35');
INSERT INTO symfony_demo_comment VALUES(283,57,7,'Teres talis saepe tractare de camerarius flavum sensorem. Ut eleifend mauris et risus ultrices egestas. Abnobas sunt hilotaes de placidus vita. Eposs sunt solems de superbus fortis. Nunc viverra elit ac laoreet suscipit. Curabitur aliquam euismod dolor non ornare.','2025-02-24 13:54:36');
INSERT INTO symfony_demo_comment VALUES(284,57,7,'Potus sensim ad ferox abnoba. Morbi tempus commodo mattis. In hac habitasse platea dictumst. Sunt seculaes transferre talis camerarius fluctuies. Urna nisl sollicitudin id varius orci quam id turpis. Sunt accentores vitare salvus flavum parses. Lorem ipsum dolor sit amet consectetur adipiscing elit. Aliquam sodales odio id eleifend tristique. Pellentesque et sapien pulvinar consectetur.','2025-02-24 13:54:37');
INSERT INTO symfony_demo_comment VALUES(285,57,7,'Bassus fatalis classiss virtualiter transferre de flavum. Mauris dapibus risus quis suscipit vulputate. Teres talis saepe tractare de camerarius flavum sensorem. Sunt accentores vitare salvus flavum parses. Ut eleifend mauris et risus ultrices egestas. Vae humani generis. Nunc viverra elit ac laoreet suscipit. Lorem ipsum dolor sit amet consectetur adipiscing elit. Eposs sunt solems de superbus fortis.','2025-02-24 13:54:38');
INSERT INTO symfony_demo_comment VALUES(286,58,7,'Diatrias tolerare tanquam noster caesium. Ubi est barbatus nix. Morbi tempus commodo mattis. Pellentesque vitae velit ex. Vae humani generis. Era brevis ratione est. In hac habitasse platea dictumst. Sed varius a risus eget aliquam.','2025-02-24 13:54:34');
INSERT INTO symfony_demo_comment VALUES(287,58,7,'Sunt torquises imitari velox mirabilis medicinaes. Diatrias tolerare tanquam noster caesium. Sunt accentores vitare salvus flavum parses. Pellentesque vitae velit ex. Pellentesque et sapien pulvinar consectetur. Aliquam sodales odio id eleifend tristique. Ut eleifend mauris et risus ultrices egestas. Mineralis persuadere omnes finises desiderium.','2025-02-24 13:54:35');
INSERT INTO symfony_demo_comment VALUES(288,58,7,'Era brevis ratione est. In hac habitasse platea dictumst. Mauris dapibus risus quis suscipit vulputate. Mineralis persuadere omnes finises desiderium. Urna nisl sollicitudin id varius orci quam id turpis. Ubi est audax amicitia. Aliquam sodales odio id eleifend tristique. Curabitur aliquam euismod dolor non ornare. Ut suscipit posuere justo at vulputate. Diatrias tolerare tanquam noster caesium. Pellentesque et sapien pulvinar consectetur.','2025-02-24 13:54:36');
INSERT INTO symfony_demo_comment VALUES(289,58,7,'Ubi est barbatus nix. Morbi tempus commodo mattis. Abnobas sunt hilotaes de placidus vita. Mauris dapibus risus quis suscipit vulputate. In hac habitasse platea dictumst. Eposs sunt solems de superbus fortis. Mineralis persuadere omnes finises desiderium. Teres talis saepe tractare de camerarius flavum sensorem.','2025-02-24 13:54:37');
INSERT INTO symfony_demo_comment VALUES(290,58,7,'Era brevis ratione est. Mauris dapibus risus quis suscipit vulputate. Ubi est audax amicitia. Sunt seculaes transferre talis camerarius fluctuies. Teres talis saepe tractare de camerarius flavum sensorem. Potus sensim ad ferox abnoba. Nunc viverra elit ac laoreet suscipit. Mineralis persuadere omnes finises desiderium. Abnobas sunt hilotaes de placidus vita. Eros diam egestas libero eu vulputate risus.','2025-02-24 13:54:38');
INSERT INTO symfony_demo_comment VALUES(291,59,7,'Diatrias tolerare tanquam noster caesium. Aliquam sodales odio id eleifend tristique. In hac habitasse platea dictumst. Pellentesque vitae velit ex. Curabitur aliquam euismod dolor non ornare. Silva de secundus galatae demitto quadra. Lorem ipsum dolor sit amet consectetur adipiscing elit.','2025-02-24 13:54:34');
INSERT INTO symfony_demo_comment VALUES(292,59,7,'Ubi est audax amicitia. Sed varius a risus eget aliquam. Diatrias tolerare tanquam noster caesium. Mineralis persuadere omnes finises desiderium. Sunt accentores vitare salvus flavum parses. Urna nisl sollicitudin id varius orci quam id turpis. Era brevis ratione est. Eros diam egestas libero eu vulputate risus.','2025-02-24 13:54:35');
INSERT INTO symfony_demo_comment VALUES(293,59,7,'Pellentesque et sapien pulvinar consectetur. Bassus fatalis classiss virtualiter transferre de flavum. Nulla porta lobortis ligula vel egestas. Mauris dapibus risus quis suscipit vulputate. Diatrias tolerare tanquam noster caesium. Ut eleifend mauris et risus ultrices egestas.','2025-02-24 13:54:36');
INSERT INTO symfony_demo_comment VALUES(294,59,7,'Era brevis ratione est. Mauris dapibus risus quis suscipit vulputate. Abnobas sunt hilotaes de placidus vita. Sunt seculaes transferre talis camerarius fluctuies. Pellentesque et sapien pulvinar consectetur. Sed varius a risus eget aliquam. Silva de secundus galatae demitto quadra. Ut suscipit posuere justo at vulputate. Diatrias tolerare tanquam noster caesium. Ut eleifend mauris et risus ultrices egestas. Vae humani generis. In hac habitasse platea dictumst.','2025-02-24 13:54:37');
INSERT INTO symfony_demo_comment VALUES(295,59,7,'Sunt torquises imitari velox mirabilis medicinaes. Ubi est audax amicitia. Diatrias tolerare tanquam noster caesium. Morbi tempus commodo mattis. Sunt accentores vitare salvus flavum parses. Potus sensim ad ferox abnoba. Eposs sunt solems de superbus fortis. Mauris dapibus risus quis suscipit vulputate. Ubi est barbatus nix.','2025-02-24 13:54:38');
INSERT INTO symfony_demo_comment VALUES(296,60,7,'Eposs sunt solems de superbus fortis. Pellentesque et sapien pulvinar consectetur. Urna nisl sollicitudin id varius orci quam id turpis. Sunt accentores vitare salvus flavum parses. Eros diam egestas libero eu vulputate risus. Ut suscipit posuere justo at vulputate. Vae humani generis. Mineralis persuadere omnes finises desiderium. Sunt seculaes transferre talis camerarius fluctuies.','2025-02-24 13:54:34');
INSERT INTO symfony_demo_comment VALUES(297,60,7,'In hac habitasse platea dictumst. Teres talis saepe tractare de camerarius flavum sensorem. Sunt accentores vitare salvus flavum parses. Diatrias tolerare tanquam noster caesium. Eros diam egestas libero eu vulputate risus. Eposs sunt solems de superbus fortis. Bassus fatalis classiss virtualiter transferre de flavum.','2025-02-24 13:54:35');
INSERT INTO symfony_demo_comment VALUES(298,60,7,'Vae humani generis. Sunt seculaes transferre talis camerarius fluctuies. Sunt accentores vitare salvus flavum parses. Pellentesque et sapien pulvinar consectetur. Ubi est barbatus nix. Sunt torquises imitari velox mirabilis medicinaes.','2025-02-24 13:54:36');
INSERT INTO symfony_demo_comment VALUES(299,60,7,'Eposs sunt solems de superbus fortis. Nulla porta lobortis ligula vel egestas. Ubi est audax amicitia. Vae humani generis. Curabitur aliquam euismod dolor non ornare. Sunt torquises imitari velox mirabilis medicinaes. Lorem ipsum dolor sit amet consectetur adipiscing elit.','2025-02-24 13:54:37');
INSERT INTO symfony_demo_comment VALUES(300,60,7,'Lorem ipsum dolor sit amet consectetur adipiscing elit. Teres talis saepe tractare de camerarius flavum sensorem. In hac habitasse platea dictumst. Aliquam sodales odio id eleifend tristique. Era brevis ratione est. Eposs sunt solems de superbus fortis. Eros diam egestas libero eu vulputate risus.','2025-02-24 13:54:38');
CREATE INDEX IDX_58A92 ON symfony_demo_post (author_id);
CREATE INDEX IDX_6ABC1 ON symfony_demo_post_tag (post_id);
CREATE INDEX IDX_6ABC2 ON symfony_demo_post_tag (tag_id);
CREATE UNIQUE INDEX 4D585 ON symfony_demo_tag (name(250));
CREATE UNIQUE INDEX 8FB09 ON symfony_demo_user (username(250));
CREATE UNIQUE INDEX 8FB07 ON symfony_demo_user (email(250));
CREATE INDEX IDX_53AD8 ON symfony_demo_comment (post_id);
CREATE INDEX IDX_53AD9 ON symfony_demo_comment (author_id);

